timestamp,ft_1_value,fn_1_value,fn_2_value,ft_2_value,mode_code,reverse_code,push_pull_code,rot_sign_code
2026-04-06 15:05:14.807,-413,-59,292,-420,0,0,0,0
2026-04-06 15:05:14.839,-414,-59,292,-419,0,0,0,0
2026-04-06 15:05:14.867,-414,-57,263,-419,0,0,0,0
2026-04-06 15:05:14.924,-417,-57,263,-419,0,0,0,0
2026-04-06 15:05:14.973,-417,-52,269,-419,0,0,0,0
2026-04-06 15:05:15.012,-414,-49,259,-420,0,0,0,0
2026-04-06 15:05:15.051,-418,-49,259,-420,0,0,0,0
2026-04-06 15:05:15.090,-418,-50,272,-420,0,0,0,0
2026-04-06 15:05:15.129,-417,-50,272,-421,0,0,0,0
2026-04-06 15:05:15.177,-417,-54,280,-421,0,0,0,0
2026-04-06 15:05:15.204,-420,-54,280,-420,0,0,0,0
2026-04-06 15:05:15.230,-420,-52,275,-420,0,0,0,0
2026-04-06 15:05:15.264,-420,-52,275,-419,0,0,0,-1
2026-04-06 15:05:15.303,-420,-61,279,-419,0,0,0,-1
2026-04-06 15:05:15.346,-411,-61,279,-419,0,0,0,0
2026-04-06 15:05:15.385,-411,-51,291,-419,0,0,0,1
2026-04-06 15:05:15.485,-418,-47,272,-421,0,0,0,1
2026-04-06 15:05:15.528,-418,-57,267,-421,0,0,0,1
2026-04-06 15:05:15.565,-414,-57,267,-421,0,0,0,1
2026-04-06 15:05:15.611,-414,-51,288,-421,0,0,0,1
2026-04-06 15:05:15.649,-421,-51,288,-419,0,0,0,1
2026-04-06 15:05:15.688,-421,-57,285,-419,0,0,-1,1
2026-04-06 15:05:15.729,-421,-55,289,-420,0,0,-1,1
2026-04-06 15:05:15.772,-425,-55,289,-420,0,0,-1,1
2026-04-06 15:05:15.814,-425,-53,278,-420,0,0,-1,1
2026-04-06 15:05:15.853,-404,-53,278,-418,0,0,-1,1
2026-04-06 15:05:15.893,-404,-57,284,-418,0,0,-1,1
2026-04-06 15:05:15.924,-438,-57,284,-419,0,0,-1,1
2026-04-06 15:05:15.955,-438,-40,271,-419,0,0,-1,1
2026-04-06 15:05:15.996,-411,-40,271,-423,0,0,-1,1
2026-04-06 15:05:16.047,-411,-60,267,-423,0,0,-1,1
2026-04-06 15:05:16.090,-414,-54,274,-418,0,0,-1,1
2026-04-06 15:05:16.128,-440,-54,274,-422,0,0,-1,1
2026-04-06 15:05:16.167,-440,-55,267,-422,0,0,-1,1
2026-04-06 15:05:16.209,-462,-55,267,-416,0,0,-1,1
2026-04-06 15:05:16.248,-462,-61,257,-416,0,0,-1,1
2026-04-06 15:05:16.283,-419,-61,257,-424,0,0,-1,1
2026-04-06 15:05:16.310,-419,-52,276,-424,0,0,-1,1
2026-04-06 15:05:16.342,-419,-52,276,-424,0,0,-1,1
2026-04-06 15:05:16.399,-466,-49,279,-420,0,0,-1,1
2026-04-06 15:05:16.441,-443,-49,279,-421,0,0,-1,1
2026-04-06 15:05:16.480,-443,-63,279,-421,0,0,-1,1
2026-04-06 15:05:16.519,-446,-44,279,-420,0,0,-1,1
2026-04-06 15:05:16.558,-446,-44,269,-420,0,0,-1,1
2026-04-06 15:05:16.600,-431,-45,288,-420,0,0,-1,1
2026-04-06 15:05:16.639,-436,-45,288,-420,0,0,-1,1
2026-04-06 15:05:16.667,-436,-45,284,-420,0,0,-1,1
2026-04-06 15:05:16.694,-436,-45,284,-420,0,0,-1,1
2026-04-06 15:05:16.724,-439,-45,284,-421,0,0,-1,1
2026-04-06 15:05:16.777,-441,-45,265,-421,0,0,-1,1
2026-04-06 15:05:16.825,-441,-49,258,-419,0,0,0,0
2026-04-06 15:05:16.863,-433,-49,258,-419,0,0,1,-1
2026-04-06 15:05:16.902,-433,-49,290,-419,0,0,1,-1
2026-04-06 15:05:16.942,-435,-49,290,-419,0,0,1,-1
2026-04-06 15:05:16.984,-435,-46,287,-419,0,0,1,-1
2026-04-06 15:05:17.023,-443,-32,287,-420,0,0,1,-1
2026-04-06 15:05:17.049,-443,-32,292,-420,0,0,1,-1
2026-04-06 15:05:17.075,-436,-32,292,-419,0,0,1,-1
2026-04-06 15:05:17.103,-436,-3,292,-419,0,0,1,-1
2026-04-06 15:05:17.156,-441,-3,292,-421,0,0,1,-1
2026-04-06 15:05:17.182,-441,-3,293,-421,0,0,1,-1
2026-04-06 15:05:17.212,-441,-3,293,-428,0,0,1,-1
2026-04-06 15:05:17.238,-333,-3,281,-428,0,0,1,-1
2026-04-06 15:05:17.275,-333,-3,281,-428,0,0,1,-1
2026-04-06 15:05:17.317,-333,-3,288,-423,0,0,1,-1
2026-04-06 15:05:17.356,-440,-3,288,-424,0,0,1,-1
2026-04-06 15:05:17.394,-440,-3,298,-424,0,0,1,-1
2026-04-06 15:05:17.439,-444,-3,298,-415,0,0,1,-1
2026-04-06 15:05:17.465,-444,-28,269,-415,0,0,1,-1
2026-04-06 15:05:17.496,-448,-28,269,-424,0,0,1,-1
2026-04-06 15:05:17.523,-448,-28,269,-424,0,0,1,-1
2026-04-06 15:05:17.549,-448,-28,269,-424,0,0,1,-1
2026-04-06 15:05:17.576,-448,-28,269,-414,0,0,1,-1
2026-04-06 15:05:17.602,-448,-28,270,-414,0,0,1,0
2026-04-06 15:05:17.642,-354,-28,270,-423,0,0,1,0
2026-04-06 15:05:17.681,-354,-28,267,-423,0,0,1,0
2026-04-06 15:05:17.720,-441,-28,267,-419,0,0,1,-1
2026-04-06 15:05:17.759,-441,-28,287,-419,0,0,1,-1
2026-04-06 15:05:17.789,-441,-28,287,-419,0,0,1,-1
2026-04-06 15:05:17.826,-382,-28,291,-419,0,0,1,-1
2026-04-06 15:05:17.852,-382,-28,291,-419,0,0,1,-1
2026-04-06 15:05:17.878,-382,-28,291,-423,0,0,1,-1
2026-04-06 15:05:17.904,-429,-28,288,-423,0,0,1,-1
2026-04-06 15:05:17.931,-429,-28,288,-420,0,0,1,-1
2026-04-06 15:05:17.960,-429,-28,286,-420,0,0,1,-1
2026-04-06 15:05:17.986,-429,-28,286,-420,0,0,1,-1
2026-04-06 15:05:18.025,-358,-28,286,-420,0,0,1,-1
2026-04-06 15:05:18.064,-358,-28,300,-420,0,0,0,-1
2026-04-06 15:05:18.103,-447,-28,300,-421,0,0,0,0
2026-04-06 15:05:18.140,-447,-12,300,-421,0,0,0,0
2026-04-06 15:05:18.167,-447,-12,300,-420,0,0,0,0
2026-04-06 15:05:18.193,-408,-12,284,-420,0,0,0,0
2026-04-06 15:05:18.221,-408,-12,284,-420,0,0,0,0
2026-04-06 15:05:18.247,-408,-12,294,-420,0,0,-1,0
2026-04-06 15:05:18.275,-408,-12,294,-420,0,0,-1,0
2026-04-06 15:05:18.302,-418,-12,294,-421,0,0,-1,0
2026-04-06 15:05:18.331,-418,-12,270,-421,0,0,-1,0
2026-04-06 15:05:18.365,-418,-12,270,-419,0,0,-1,-1
2026-04-06 15:05:18.404,-408,-12,289,-419,0,0,-1,-1
2026-04-06 15:05:18.467,-400,-59,285,-420,0,0,-1,-1
2026-04-06 15:05:18.503,-400,-71,285,-420,0,0,-1,-1
2026-04-06 15:05:18.529,-328,-71,285,-419,0,0,-1,-1
2026-04-06 15:05:18.555,-328,-71,277,-419,0,0,-1,-1
2026-04-06 15:05:18.581,-328,-71,277,-419,0,0,-1,-1
2026-04-06 15:05:18.609,-366,-71,279,-419,0,0,-1,-1
2026-04-06 15:05:18.635,-366,-98,279,-419,0,0,-1,-1
2026-04-06 15:05:18.664,-366,-98,279,-424,0,0,-1,0
2026-04-06 15:05:18.691,-399,-98,287,-424,0,0,-1,0
2026-04-06 15:05:18.719,-399,-61,287,-424,0,0,-1,0
2026-04-06 15:05:18.763,-440,-61,270,-415,0,0,-1,0
2026-04-06 15:05:18.802,-440,-89,270,-417,0,0,-1,0
2026-04-06 15:05:18.842,-431,-89,282,-417,0,0,-1,0
2026-04-06 15:05:18.880,-431,-85,282,-419,0,0,-1,0
2026-04-06 15:05:18.907,-433,-85,282,-419,0,0,-1,0
2026-04-06 15:05:18.935,-433,-54,282,-419,0,0,-1,0
2026-04-06 15:05:18.961,-453,-54,282,-419,0,0,-1,0
2026-04-06 15:05:18.987,-453,-54,282,-421,0,0,-1,0
2026-04-06 15:05:19.013,-453,-59,282,-421,0,0,-1,0
2026-04-06 15:05:19.039,-469,-59,277,-421,0,0,-1,0
2026-04-06 15:05:19.082,-469,-51,277,-420,0,0,-1,0
2026-04-06 15:05:19.128,-439,-51,290,-420,0,0,-1,0
2026-04-06 15:05:19.179,-438,-50,280,-420,0,0,-1,1
2026-04-06 15:05:19.230,-438,-40,280,-421,0,0,-1,1
2026-04-06 15:05:19.265,-433,-40,279,-421,0,0,-1,0
2026-04-06 15:05:19.293,-433,-55,279,-420,0,0,-1,0
2026-04-06 15:05:19.323,-438,-55,276,-420,0,0,-1,0
2026-04-06 15:05:19.351,-438,-55,276,-418,0,0,-1,0
2026-04-06 15:05:19.382,-438,-48,287,-418,0,0,-1,0
2026-04-06 15:05:19.413,-432,-48,287,-418,0,0,-1,0
2026-04-06 15:05:19.454,-432,-48,288,-420,0,0,-1,0
2026-04-06 15:05:19.503,-436,-54,288,-420,0,0,-1,0
2026-04-06 15:05:19.553,-444,-54,287,-420,0,0,-1,0
2026-04-06 15:05:19.600,-444,-28,276,-421,0,0,-1,0
2026-04-06 15:05:19.637,-445,-28,276,-418,0,0,-1,0
2026-04-06 15:05:19.676,-445,-59,281,-418,0,0,0,0
2026-04-06 15:05:19.710,-446,-59,281,-419,0,0,1,0
2026-04-06 15:05:19.747,-446,-46,279,-419,0,0,1,0
2026-04-06 15:05:19.781,-429,-46,279,-418,0,0,1,0
2026-04-06 15:05:19.817,-429,-54,284,-418,0,0,1,0
2026-04-06 15:05:19.879,-459,-27,284,-420,0,0,1,0
2026-04-06 15:05:19.927,-427,-55,271,-419,0,0,1,0
2026-04-06 15:05:19.971,-463,-55,280,-419,0,0,1,0
2026-04-06 15:05:20.007,-463,-4,280,-417,0,0,1,0
2026-04-06 15:05:20.041,-439,-4,278,-417,0,0,1,0
2026-04-06 15:05:20.082,-439,-4,278,-421,0,0,1,0
2026-04-06 15:05:20.120,-346,-4,289,-421,0,0,1,0
2026-04-06 15:05:20.156,-346,-4,289,-424,0,0,1,0
2026-04-06 15:05:20.194,-346,-4,284,-424,0,0,1,0
2026-04-06 15:05:20.226,-371,-4,284,-421,0,0,1,0
2026-04-06 15:05:20.273,-371,-30,281,-421,0,0,1,0
2026-04-06 15:05:20.312,-334,-30,281,-410,0,0,1,0
2026-04-06 15:05:20.352,-334,-30,281,-423,0,0,1,0
2026-04-06 15:05:20.394,-334,-30,278,-423,0,0,1,-1
2026-04-06 15:05:20.439,-361,-10,278,-421,0,0,1,0
2026-04-06 15:05:20.484,-411,-10,284,-421,0,0,1,-1
2026-04-06 15:05:20.526,-411,-10,284,-421,0,0,1,-1
2026-04-06 15:05:20.567,-411,-10,272,-421,0,0,1,-1
2026-04-06 15:05:20.607,-388,-10,266,-416,0,0,0,-1
2026-04-06 15:05:20.650,-388,-6,266,-422,0,0,-1,-1
2026-04-06 15:05:20.706,-352,-17,277,-422,0,0,-1,-1
2026-04-06 15:05:20.766,-363,-17,281,-420,0,0,-1,-1
2026-04-06 15:05:20.812,-363,-33,281,-420,0,0,-1,-1
2026-04-06 15:05:20.859,-390,-38,283,-419,0,0,-1,-1
2026-04-06 15:05:20.900,-339,-38,295,-419,0,0,-1,-1
2026-04-06 15:05:20.942,-339,-38,295,-417,0,0,-1,-1
2026-04-06 15:05:20.983,-339,-38,277,-417,0,0,-1,-1
2026-04-06 15:05:21.012,-390,-38,277,-418,0,0,-1,-1
2026-04-06 15:05:21.051,-390,-104,279,-418,0,0,-1,-1
2026-04-06 15:05:21.090,-428,-104,279,-422,0,0,-1,0
2026-04-06 15:05:21.135,-428,-38,273,-422,0,0,-1,0
2026-04-06 15:05:21.175,-503,-38,273,-419,0,0,-1,0
2026-04-06 15:05:21.217,-450,-65,286,-423,0,0,-1,0
2026-04-06 15:05:21.255,-450,-49,292,-423,0,0,-1,0
2026-04-06 15:05:21.297,-482,-49,292,-421,0,0,-1,0
2026-04-06 15:05:21.339,-482,-55,291,-421,0,0,-1,0
2026-04-06 15:05:21.382,-449,-55,291,-423,0,0,-1,0
2026-04-06 15:05:21.421,-449,-53,262,-423,0,0,-1,0
2026-04-06 15:05:21.460,-462,-53,262,-417,0,0,-1,0
2026-04-06 15:05:21.499,-462,-40,285,-417,0,0,-1,0
2026-04-06 15:05:21.553,-454,-33,283,-419,0,0,-1,0
2026-04-06 15:05:21.593,-446,-33,283,-422,0,0,-1,0
2026-04-06 15:05:21.631,-446,-59,283,-422,0,0,-1,0
2026-04-06 15:05:21.670,-441,-59,283,-422,0,0,-1,0
2026-04-06 15:05:21.711,-441,-57,286,-420,0,0,-1,0
2026-04-06 15:05:21.755,-448,-59,286,-421,0,0,-1,0
2026-04-06 15:05:21.794,-439,-59,288,-421,0,0,-1,0
2026-04-06 15:05:21.833,-439,-48,288,-421,0,0,-1,1
2026-04-06 15:05:21.872,-458,-48,290,-421,0,0,-1,1
2026-04-06 15:05:21.913,-458,-40,290,-419,0,0,-1,1
2026-04-06 15:05:21.958,-428,-40,262,-419,0,0,-1,1
2026-04-06 15:05:21.996,-428,-34,284,-421,0,0,-1,1
2026-04-06 15:05:22.035,-457,-34,284,-419,0,0,-1,1
2026-04-06 15:05:22.075,-457,-25,267,-419,0,0,-1,1
2026-04-06 15:05:22.115,-444,-46,267,-422,0,0,-1,1
2026-04-06 15:05:22.157,-423,-46,284,-422,0,0,0,1
2026-04-06 15:05:22.196,-423,-38,284,-419,0,0,1,1
2026-04-06 15:05:22.235,-454,-38,285,-419,0,0,1,1
2026-04-06 15:05:22.274,-454,-11,285,-421,0,0,1,1
2026-04-06 15:05:22.313,-449,-11,263,-421,0,0,1,1
2026-04-06 15:05:22.375,-436,-5,283,-421,0,0,1,1
2026-04-06 15:05:22.414,-436,-15,283,-419,0,0,1,0
2026-04-06 15:05:22.454,-424,-15,288,-419,0,0,1,0
2026-04-06 15:05:22.493,-424,-15,288,-415,0,0,1,0
2026-04-06 15:05:22.532,-370,-15,275,-415,0,0,1,0
2026-04-06 15:05:22.574,-370,-15,283,-428,0,0,1,-1
2026-04-06 15:05:22.613,-355,-15,283,-430,0,0,1,-1
2026-04-06 15:05:22.652,-355,-15,297,-430,0,0,1,-1
2026-04-06 15:05:22.691,-355,-15,297,-412,0,0,1,-1
2026-04-06 15:05:22.732,-365,-15,292,-412,0,0,1,-1
2026-04-06 15:05:22.776,-423,-13,292,-424,0,0,1,-1
2026-04-06 15:05:22.815,-423,-13,294,-424,0,0,1,-1
2026-04-06 15:05:22.862,-423,-13,267,-425,0,0,1,-1
2026-04-06 15:05:22.901,-363,-13,267,-422,0,0,1,-1
2026-04-06 15:05:22.940,-363,-12,268,-422,0,0,1,-1
2026-04-06 15:05:22.982,-425,-12,268,-417,0,0,1,-1
2026-04-06 15:05:23.021,-425,-16,283,-417,0,0,1,-1
2026-04-06 15:05:23.060,-372,-16,283,-423,0,0,1,-1
2026-04-06 15:05:23.102,-372,-16,274,-423,0,0,1,-1
2026-04-06 15:05:23.142,-356,-16,274,-423,0,0,-1,-1
2026-04-06 15:05:23.197,-356,-16,280,-423,0,0,-1,-1
2026-04-06 15:05:23.225,-443,-16,288,-423,0,0,-1,-1
2026-04-06 15:05:23.252,-443,-16,288,-423,0,0,-1,-1
2026-04-06 15:05:23.278,-443,-16,288,-423,0,0,-1,-1
2026-04-06 15:05:23.305,-330,-16,280,-423,0,0,-1,-1
2026-04-06 15:05:23.336,-330,-50,280,-422,0,0,-1,0
2026-04-06 15:05:23.362,-330,-50,275,-422,0,0,-1,0
2026-04-06 15:05:23.400,-420,-50,275,-422,0,0,-1,1
2026-04-06 15:05:23.440,-420,-57,295,-422,0,0,-1,1
2026-04-06 15:05:23.479,-422,-57,295,-422,0,0,-1,1
2026-04-06 15:05:23.523,-421,-77,281,-422,0,0,-1,1
2026-04-06 15:05:23.565,-421,-63,281,-421,0,0,-1,1
2026-04-06 15:05:23.593,-430,-63,270,-421,0,0,-1,0
2026-04-06 15:05:23.619,-430,-63,270,-423,0,0,-1,-1
2026-04-06 15:05:23.645,-430,-66,270,-423,0,0,-1,-1
2026-04-06 15:05:23.674,-418,-66,273,-423,0,0,-1,-1
2026-04-06 15:05:23.700,-418,-60,273,-416,0,0,-1,-1
2026-04-06 15:05:23.727,-418,-60,272,-416,0,0,-1,-1
2026-04-06 15:05:23.765,-439,-60,272,-423,0,0,-1,-1
2026-04-06 15:05:23.804,-439,-55,290,-423,0,0,-1,-1
2026-04-06 15:05:23.861,-459,-49,290,-425,0,0,-1,0
2026-04-06 15:05:23.901,-455,-49,290,-425,0,0,-1,0
2026-04-06 15:05:23.941,-455,-62,280,-422,0,0,-1,0
2026-04-06 15:05:23.968,-461,-62,280,-422,0,0,-1,-1
2026-04-06 15:05:23.995,-461,-56,280,-422,0,0,-1,-1
2026-04-06 15:05:24.023,-461,-56,285,-422,0,0,-1,-1
2026-04-06 15:05:24.050,-450,-56,285,-424,0,0,-1,-1
2026-04-06 15:05:24.076,-450,-56,285,-424,0,0,-1,0
2026-04-06 15:05:24.103,-455,-56,272,-424,0,0,-1,-1
2026-04-06 15:05:24.141,-455,-38,272,-423,0,0,-1,-1
2026-04-06 15:05:24.192,-451,-38,275,-423,0,0,-1,-1
2026-04-06 15:05:24.232,-451,-47,279,-423,0,0,-1,-1
2026-04-06 15:05:24.270,-436,-26,279,-422,0,0,-1,0
2026-04-06 15:05:24.309,-436,-26,276,-422,0,0,-1,0
2026-04-06 15:05:24.336,-451,-26,276,-422,0,0,-1,0
2026-04-06 15:05:24.365,-451,-44,276,-423,0,0,-1,0
2026-04-06 15:05:24.391,-441,-44,270,-423,0,0,-1,0
2026-04-06 15:05:24.417,-441,-22,270,-423,0,0,-1,0
2026-04-06 15:05:24.443,-441,-22,275,-423,0,0,-1,0
2026-04-06 15:05:24.471,-422,-22,275,-423,0,0,-1,0
2026-04-06 15:05:24.523,-422,-21,281,-422,0,0,-1,0
2026-04-06 15:05:24.564,-460,-61,281,-421,0,0,-1,-1
2026-04-06 15:05:24.604,-464,-61,271,-421,0,0,-1,-1
2026-04-06 15:05:24.642,-464,-48,271,-422,0,0,-1,-1
2026-04-06 15:05:24.680,-420,-48,262,-422,0,0,-1,-1
2026-04-06 15:05:24.709,-420,-13,262,-422,0,0,-1,-1
2026-04-06 15:05:24.736,-420,-13,292,-422,0,0,-1,0
2026-04-06 15:05:24.767,-463,-13,292,-422,0,0,-1,0
2026-04-06 15:05:24.793,-463,-56,292,-422,0,0,-1,0
2026-04-06 15:05:24.819,-416,-56,294,-422,0,0,0,0
2026-04-06 15:05:24.849,-416,-59,294,-421,0,0,1,0
2026-04-06 15:05:24.888,-416,-59,279,-421,0,0,1,0
2026-04-06 15:05:24.927,-434,-6,279,-422,0,0,1,0
2026-04-06 15:05:24.967,-475,-6,270,-422,0,0,1,1
2026-04-06 15:05:25.005,-475,-54,270,-423,0,0,1,0
2026-04-06 15:05:25.047,-452,-54,283,-423,0,0,1,0
2026-04-06 15:05:25.073,-452,-54,283,-421,0,0,1,0
2026-04-06 15:05:25.099,-452,-54,283,-421,0,0,1,0
2026-04-06 15:05:25.125,-452,-54,283,-421,0,0,1,0
2026-04-06 15:05:25.152,-384,-54,283,-425,0,0,1,0
2026-04-06 15:05:25.190,-384,-54,284,-425,0,0,1,0
2026-04-06 15:05:25.220,-384,-54,284,-419,0,0,1,1
2026-04-06 15:05:25.259,-408,-54,291,-419,0,0,1,1
2026-04-06 15:05:25.298,-408,-54,291,-426,0,0,1,1
2026-04-06 15:05:25.337,-426,-54,274,-426,0,0,1,0
2026-04-06 15:05:25.378,-426,-54,289,-420,0,0,1,0
2026-04-06 15:05:25.417,-346,-54,289,-419,0,0,1,0
2026-04-06 15:05:25.445,-346,-54,289,-419,0,0,1,0
2026-04-06 15:05:25.471,-346,-54,289,-419,0,0,1,-1
2026-04-06 15:05:25.498,-346,-54,289,-420,0,0,1,-1
2026-04-06 15:05:25.529,-436,-54,283,-420,0,0,1,-1
2026-04-06 15:05:25.556,-436,-54,283,-420,0,0,1,-1
2026-04-06 15:05:25.586,-436,-54,283,-424,0,0,1,0
2026-04-06 15:05:25.625,-430,-54,288,-424,0,0,1,0
2026-04-06 15:05:25.664,-430,-54,288,-420,0,0,1,0
2026-04-06 15:05:25.707,-444,-54,286,-428,0,0,1,0
2026-04-06 15:05:25.745,-444,-54,296,-428,0,0,1,0
2026-04-06 15:05:25.786,-444,-54,296,-420,0,0,1,0
2026-04-06 15:05:25.813,-439,-54,272,-420,0,0,1,0
2026-04-06 15:05:25.839,-439,-54,272,-420,0,0,1,0
2026-04-06 15:05:25.894,-439,-54,262,-421,0,0,1,0
2026-04-06 15:05:25.921,-353,-54,262,-422,0,0,-1,0
2026-04-06 15:05:25.947,-353,-54,262,-422,0,0,-1,-1
2026-04-06 15:05:25.986,-353,-54,287,-422,0,0,-1,-1
2026-04-06 15:05:26.025,-408,-54,285,-421,0,0,-1,-1
2026-04-06 15:05:26.067,-408,-54,285,-424,0,0,-1,-1
2026-04-06 15:05:26.106,-365,-54,280,-424,0,0,-1,-1
2026-04-06 15:05:26.144,-365,-34,280,-424,0,0,-1,-1
2026-04-06 15:05:26.185,-371,-34,272,-424,0,0,-1,-1
2026-04-06 15:05:26.224,-371,-101,272,-422,0,0,-1,-1
2026-04-06 15:05:26.269,-420,-55,275,-422,0,0,-1,-1
2026-04-06 15:05:26.308,-493,-55,275,-418,0,0,-1,0
2026-04-06 15:05:26.347,-493,-70,272,-418,0,0,-1,0
2026-04-06 15:05:26.386,-484,-70,269,-422,0,0,-1,0
2026-04-06 15:05:26.429,-484,-64,269,-420,0,0,-1,0
2026-04-06 15:05:26.472,-456,-64,289,-420,0,0,-1,0
2026-04-06 15:05:26.519,-456,-51,289,-423,0,0,-1,-1
2026-04-06 15:05:26.561,-469,-21,281,-423,0,0,-1,-1
2026-04-06 15:05:26.600,-483,-21,281,-425,0,0,-1,-1
2026-04-06 15:05:26.639,-483,-35,281,-425,0,0,-1,-1
2026-04-06 15:05:26.693,-472,-35,265,-423,0,0,-1,-1
2026-04-06 15:05:26.732,-472,-61,265,-419,0,0,-1,-1
2026-04-06 15:05:26.771,-441,-32,285,-419,0,0,-1,-1
2026-04-06 15:05:26.812,-469,-32,285,-420,0,0,-1,-1
2026-04-06 15:05:26.851,-469,-16,266,-420,0,0,-1,-1
2026-04-06 15:05:26.902,-473,-16,265,-426,0,0,-1,-1
2026-04-06 15:05:26.941,-473,-32,265,-420,0,0,-1,-1
2026-04-06 15:05:26.980,-455,-32,270,-420,0,0,-1,0
2026-04-06 15:05:27.020,-455,-9,270,-421,0,0,-1,0
2026-04-06 15:05:27.060,-429,-41,282,-421,0,0,-1,0
2026-04-06 15:05:27.108,-470,-41,289,-419,0,0,-1,0
2026-04-06 15:05:27.147,-470,-23,289,-419,0,0,-1,0
2026-04-06 15:05:27.188,-462,-23,281,-419,0,0,-1,0
2026-04-06 15:05:27.229,-462,-41,281,-421,0,0,-1,0
2026-04-06 15:05:27.277,-462,-1,280,-421,0,0,-1,0
2026-04-06 15:05:27.320,-477,-1,290,-420,0,0,-1,1
2026-04-06 15:05:27.359,-477,-53,290,-420,0,0,-1,0
2026-04-06 15:05:27.398,-415,-53,277,-423,0,0,-1,1
2026-04-06 15:05:27.440,-415,-15,277,-419,0,0,-1,0
2026-04-06 15:05:27.479,-473,-15,276,-419,0,0,0,0
2026-04-06 15:05:27.533,-436,-19,276,-422,0,0,1,0
2026-04-06 15:05:27.573,-436,-19,283,-422,0,0,1,0
2026-04-06 15:05:27.615,-412,-19,278,-422,0,0,1,0
2026-04-06 15:05:27.659,-412,-61,278,-424,0,0,1,1
2026-04-06 15:05:27.698,-476,-61,266,-424,0,0,1,1
2026-04-06 15:05:27.740,-476,-5,266,-422,0,0,1,1
2026-04-06 15:05:27.779,-456,-5,298,-422,0,0,1,1
2026-04-06 15:05:27.821,-412,-5,298,-423,0,0,1,1
2026-04-06 15:05:27.860,-412,-22,271,-423,0,0,1,1
2026-04-06 15:05:27.900,-430,-22,295,-418,0,0,1,1
2026-04-06 15:05:27.954,-430,-22,295,-429,0,0,1,1
2026-04-06 15:05:28.001,-430,-22,292,-429,0,0,1,0
2026-04-06 15:05:28.042,-411,-22,292,-426,0,0,1,0
2026-04-06 15:05:28.081,-411,-22,292,-423,0,0,1,0
2026-04-06 15:05:28.123,-433,-22,296,-423,0,0,1,0
2026-04-06 15:05:28.165,-433,-22,296,-421,0,0,1,0
2026-04-06 15:05:28.204,-357,-22,275,-421,0,0,1,0
2026-04-06 15:05:28.248,-357,-22,275,-423,0,0,1,0
2026-04-06 15:05:28.288,-357,-22,270,-423,0,0,1,0
2026-04-06 15:05:28.328,-383,-22,270,-417,0,0,1,0
2026-04-06 15:05:28.393,-397,-22,286,-402,0,0,1,0
2026-04-06 15:05:28.432,-397,-22,288,-402,0,0,1,0
2026-04-06 15:05:28.471,-397,-22,286,-418,0,0,1,0
2026-04-06 15:05:28.510,-425,-22,286,-418,0,0,1,0
2026-04-06 15:05:28.549,-425,-5,271,-421,0,0,-1,0
2026-04-06 15:05:28.591,-444,-5,271,-422,0,0,-1,0
2026-04-06 15:05:28.633,-444,-5,286,-422,0,0,-1,-1
2026-04-06 15:05:28.672,-444,-5,286,-422,0,0,-1,-1
2026-04-06 15:05:28.712,-440,-12,283,-422,0,0,-1,-1
2026-04-06 15:05:28.758,-450,-12,283,-420,0,0,-1,0
2026-04-06 15:05:28.803,-450,-32,287,-422,0,0,-1,-1
2026-04-06 15:05:28.844,-328,-32,280,-422,0,0,-1,0
2026-04-06 15:05:28.898,-459,-69,280,-425,0,0,-1,0
2026-04-06 15:05:28.937,-459,-56,281,-425,0,0,-1,-1
2026-04-06 15:05:28.976,-440,-56,297,-418,0,0,-1,-1
2026-04-06 15:05:29.018,-440,-56,297,-419,0,0,-1,-1
2026-04-06 15:05:29.058,-463,-56,268,-419,0,0,-1,-1
2026-04-06 15:05:29.102,-463,-67,268,-424,0,0,-1,-1
2026-04-06 15:05:29.144,-454,-46,275,-424,0,0,-1,-1
2026-04-06 15:05:29.173,-454,-46,275,-417,0,0,-1,-1
2026-04-06 15:05:29.209,-455,-46,280,-417,0,0,-1,-1
2026-04-06 15:05:29.241,-455,-38,280,-418,0,0,-1,-1
2026-04-06 15:05:29.276,-456,-38,278,-418,0,0,-1,-1
2026-04-06 15:05:29.315,-456,-45,278,-425,0,0,-1,-1
2026-04-06 15:05:29.354,-462,-45,264,-425,0,0,-1,-1
2026-04-06 15:05:29.396,-462,-38,264,-420,0,0,-1,-1
2026-04-06 15:05:29.439,-443,-18,290,-420,0,0,-1,-1
2026-04-06 15:05:29.478,-441,-18,288,-420,0,0,-1,-1
2026-04-06 15:05:29.506,-441,-13,288,-420,0,0,-1,-1
2026-04-06 15:05:29.532,-441,-13,288,-423,0,0,-1,-1
2026-04-06 15:05:29.563,-457,-13,259,-423,0,0,-1,-1
2026-04-06 15:05:29.589,-457,-65,259,-423,0,0,-1,-1
2026-04-06 15:05:29.616,-420,-65,259,-422,0,0,-1,-1
2026-04-06 15:05:29.656,-420,-43,285,-422,0,0,-1,-1
2026-04-06 15:05:29.695,-464,-43,285,-421,0,0,-1,-1
2026-04-06 15:05:29.737,-464,-37,285,-423,0,0,-1,0
2026-04-06 15:05:29.776,-483,-37,275,-423,0,0,-1,0
2026-04-06 15:05:29.815,-483,-37,275,-420,0,0,-1,0
2026-04-06 15:05:29.851,-483,-37,281,-420,0,0,-1,0
2026-04-06 15:05:29.877,-434,-37,281,-420,0,0,-1,0
2026-04-06 15:05:29.917,-434,-37,279,-422,0,0,-1,0
2026-04-06 15:05:29.945,-434,-37,279,-422,0,0,-1,0
2026-04-06 15:05:29.972,-418,-37,279,-421,0,0,0,-1
2026-04-06 15:05:30.004,-418,-16,301,-421,0,0,1,-1
2026-04-06 15:05:30.046,-476,-16,301,-421,0,0,1,0
2026-04-06 15:05:30.089,-476,-50,280,-421,0,0,1,0
2026-04-06 15:05:30.130,-480,-50,278,-422,0,0,1,0
2026-04-06 15:05:30.170,-413,-50,278,-419,0,0,1,0
2026-04-06 15:05:30.210,-413,-57,275,-419,0,0,1,0
2026-04-06 15:05:30.237,-413,-57,275,-419,0,0,1,0
2026-04-06 15:05:30.273,-460,-57,281,-421,0,0,1,0
2026-04-06 15:05:30.299,-460,-57,281,-421,0,0,1,0
2026-04-06 15:05:30.325,-460,-57,281,-420,0,0,1,1
2026-04-06 15:05:30.355,-460,-57,271,-420,0,0,1,0
2026-04-06 15:05:30.394,-391,-57,271,-420,0,0,1,0
2026-04-06 15:05:30.436,-391,-57,273,-420,0,0,1,0
2026-04-06 15:05:30.476,-437,-57,273,-425,0,0,1,0
2026-04-06 15:05:30.515,-437,-57,290,-425,0,0,1,0
2026-04-06 15:05:30.555,-323,-57,290,-423,0,0,1,0
2026-04-06 15:05:30.591,-323,-57,274,-423,0,0,1,0
2026-04-06 15:05:30.626,-323,-57,274,-412,0,0,1,0
2026-04-06 15:05:30.652,-410,-57,285,-412,0,0,1,0
2026-04-06 15:05:30.679,-410,-57,285,-425,0,0,1,0
2026-04-06 15:05:30.706,-410,-57,269,-425,0,0,1,0
2026-04-06 15:05:30.734,-410,-57,269,-425,0,0,1,0
2026-04-06 15:05:30.780,-414,-57,259,-426,0,0,1,0
2026-04-06 15:05:30.819,-414,-57,259,-427,0,0,1,0
2026-04-06 15:05:30.858,-403,-57,283,-427,0,0,-1,1
2026-04-06 15:05:30.901,-403,-57,283,-430,0,0,-1,1
2026-04-06 15:05:30.940,-445,-57,285,-430,0,0,-1,1
2026-04-06 15:05:30.974,-445,-57,285,-427,0,0,-1,1
2026-04-06 15:05:31.000,-445,-57,282,-427,0,0,-1,1
2026-04-06 15:05:31.026,-445,-57,282,-427,0,0,-1,0
2026-04-06 15:05:31.052,-351,-57,282,-425,0,0,-1,-1
2026-04-06 15:05:31.084,-351,-72,288,-425,0,0,-1,-1
2026-04-06 15:05:31.120,-411,-72,288,-420,0,0,-1,-1
2026-04-06 15:05:31.159,-411,-64,286,-420,0,0,-1,-1
2026-04-06 15:05:31.198,-430,-64,286,-431,0,0,-1,0
2026-04-06 15:05:31.237,-430,-68,281,-431,0,0,-1,0
2026-04-06 15:05:31.277,-481,-68,281,-430,0,0,-1,0
2026-04-06 15:05:31.329,-545,-58,285,-426,0,0,-1,0
2026-04-06 15:05:31.354,-545,-45,276,-426,0,0,-1,0
2026-04-06 15:05:31.382,-545,-45,276,-426,0,0,-1,0
2026-04-06 15:05:31.408,-446,-45,276,-428,0,0,-1,0
2026-04-06 15:05:31.434,-446,-43,292,-428,0,0,-1,0
2026-04-06 15:05:31.466,-459,-43,292,-428,0,0,-1,0
2026-04-06 15:05:31.505,-459,-56,275,-428,0,0,-1,0
2026-04-06 15:05:31.544,-445,-56,275,-425,0,0,-1,0
2026-04-06 15:05:31.584,-445,-27,280,-425,0,0,-1,0
2026-04-06 15:05:31.623,-474,-27,280,-427,0,0,-1,0
2026-04-06 15:05:31.675,-474,-34,290,-427,0,0,-1,0
2026-04-06 15:05:31.708,-449,-34,290,-426,0,0,-1,-1
2026-04-06 15:05:31.750,-449,-52,286,-426,0,0,-1,-1
2026-04-06 15:05:31.789,-453,-49,290,-428,0,0,-1,-1
2026-04-06 15:05:31.819,-453,-49,290,-428,0,0,-1,-1
2026-04-06 15:05:31.858,-446,-10,283,-426,0,0,-1,-1
2026-04-06 15:05:31.898,-511,-10,283,-428,0,0,-1,-1
2026-04-06 15:05:31.937,-511,-54,278,-428,0,0,-1,-1
2026-04-06 15:05:31.976,-438,-54,278,-429,0,0,-1,0
2026-04-06 15:05:32.016,-438,-51,264,-429,0,0,-1,0
2026-04-06 15:05:32.071,-440,-51,264,-430,0,0,-1,0
2026-04-06 15:05:32.105,-440,-3,269,-430,0,0,-1,0
2026-04-06 15:05:32.131,-450,-3,269,-425,0,0,-1,-1
2026-04-06 15:05:32.160,-450,-51,268,-425,0,0,-1,0
2026-04-06 15:05:32.199,-485,-51,268,-426,0,0,-1,0
2026-04-06 15:05:32.242,-485,-4,266,-426,0,0,1,0
2026-04-06 15:05:32.297,-492,-4,278,-429,0,0,1,0
2026-04-06 15:05:32.338,-447,-4,278,-428,0,0,1,0
2026-04-06 15:05:32.389,-447,-39,280,-428,0,0,1,0
2026-04-06 15:05:32.441,-408,-39,271,-423,0,0,1,0
2026-04-06 15:05:32.485,-408,-39,271,-423,0,0,1,0
2026-04-06 15:05:32.525,-377,-39,265,-423,0,0,1,0
2026-04-06 15:05:32.564,-377,-39,265,-428,0,0,1,0
2026-04-06 15:05:32.603,-377,-39,285,-428,0,0,1,0
2026-04-06 15:05:32.642,-403,-39,285,-437,0,0,1,-1
2026-04-06 15:05:32.684,-403,-39,278,-437,0,0,1,-1
2026-04-06 15:05:32.724,-423,-39,285,-420,0,0,1,-1
2026-04-06 15:05:32.770,-423,-39,285,-427,0,0,1,0
2026-04-06 15:05:32.819,-359,-39,279,-427,0,0,1,0
2026-04-06 15:05:32.857,-359,-39,279,-430,0,0,-1,0
2026-04-06 15:05:32.913,-408,-39,280,-424,0,0,-1,0
2026-04-06 15:05:32.952,-408,-39,282,-424,0,0,-1,0
2026-04-06 15:05:32.991,-408,-39,282,-423,0,0,-1,0
2026-04-06 15:05:33.030,-389,-39,291,-423,0,0,-1,0
2026-04-06 15:05:33.069,-389,-39,291,-413,0,0,-1,0
2026-04-06 15:05:33.114,-346,-39,257,-413,0,0,-1,0
2026-04-06 15:05:33.166,-346,-61,289,-428,0,0,-1,-1
2026-04-06 15:05:33.208,-429,-60,289,-427,0,0,-1,-1
2026-04-06 15:05:33.246,-478,-60,278,-427,0,0,-1,-1
2026-04-06 15:05:33.285,-478,-61,278,-423,0,0,-1,-1
2026-04-06 15:05:33.331,-454,-61,285,-423,0,0,-1,-1
2026-04-06 15:05:33.370,-454,-47,278,-426,0,0,-1,-1
2026-04-06 15:05:33.409,-476,-47,278,-424,0,0,-1,-1
2026-04-06 15:05:33.448,-476,-43,259,-424,0,0,-1,-1
2026-04-06 15:05:33.491,-463,-20,259,-424,0,0,-1,-1
2026-04-06 15:05:33.547,-487,-20,269,-424,0,0,-1,-1
2026-04-06 15:05:33.585,-487,-53,281,-426,0,0,-1,-1
2026-04-06 15:05:33.624,-483,-53,281,-422,0,0,-1,-1
2026-04-06 15:05:33.663,-483,-27,271,-422,0,0,-1,-1
2026-04-06 15:05:33.703,-462,-27,271,-426,0,0,-1,-1
2026-04-06 15:05:33.763,-423,-68,271,-426,0,0,-1,-1
2026-04-06 15:05:33.803,-423,-70,283,-425,0,0,-1,-1
2026-04-06 15:05:33.843,-418,-70,283,-429,0,0,-1,-1
2026-04-06 15:05:33.892,-433,-78,274,-429,0,0,-1,0
2026-04-06 15:05:33.938,-433,-6,274,-425,0,0,-1,0
2026-04-06 15:05:33.979,-493,-6,301,-425,0,0,-1,0
2026-04-06 15:05:34.018,-493,-57,287,-425,0,0,-1,-1
2026-04-06 15:05:34.057,-436,-57,287,-425,0,0,-1,-1
2026-04-06 15:05:34.096,-436,-2,271,-425,0,0,-1,-1
2026-04-06 15:05:34.137,-436,-2,271,-427,0,0,-1,0
2026-04-06 15:05:34.183,-431,-2,301,-427,0,0,1,0
2026-04-06 15:05:34.224,-431,-65,301,-425,0,0,1,0
2026-04-06 15:05:34.276,-489,-65,280,-424,0,0,1,0
2026-04-06 15:05:34.320,-489,-65,278,-424,0,0,1,0
2026-04-06 15:05:34.358,-489,-65,278,-427,0,0,1,0
2026-04-06 15:05:34.400,-475,-67,285,-427,0,0,1,0
2026-04-06 15:05:34.442,-407,-67,285,-428,0,0,1,0
2026-04-06 15:05:34.482,-407,-67,281,-428,0,0,1,1
2026-04-06 15:05:34.523,-407,-67,276,-426,0,0,1,1
2026-04-06 15:05:34.562,-466,-67,276,-426,0,0,1,1
2026-04-06 15:05:34.625,-466,-67,267,-426,0,0,1,1
2026-04-06 15:05:34.671,-441,-67,296,-420,0,0,1,1
2026-04-06 15:05:34.709,-441,-1,296,-429,0,0,1,1
2026-04-06 15:05:34.749,-389,-1,265,-429,0,0,1,0
2026-04-06 15:05:34.788,-389,-2,265,-428,0,0,1,0
2026-04-06 15:05:34.830,-401,-2,288,-428,0,0,1,0
2026-04-06 15:05:34.869,-401,-2,288,-427,0,0,1,0
2026-04-06 15:05:34.909,-414,-2,276,-427,0,0,1,0
2026-04-06 15:05:34.962,-414,-2,295,-426,0,0,1,0
2026-04-06 15:05:35.014,-420,-2,295,-422,0,0,1,0
2026-04-06 15:05:35.062,-420,-2,294,-422,0,0,1,0
2026-04-06 15:05:35.100,-454,-2,274,-422,0,0,1,0
2026-04-06 15:05:35.145,-454,-2,274,-433,0,0,1,0
2026-04-06 15:05:35.186,-438,-2,273,-433,0,0,1,0
2026-04-06 15:05:35.223,-438,-2,273,-424,0,0,1,0
2026-04-06 15:05:35.253,-438,-2,282,-424,0,0,1,0
2026-04-06 15:05:35.279,-401,-2,282,-424,0,0,1,0
2026-04-06 15:05:35.304,-401,-2,282,-430,0,0,1,0
2026-04-06 15:05:35.331,-401,-2,271,-430,0,0,1,0
2026-04-06 15:05:35.370,-447,-2,271,-427,0,0,1,0
2026-04-06 15:05:35.426,-447,-2,271,-427,0,0,1,-1
2026-04-06 15:05:35.465,-358,-2,271,-427,0,0,1,-1
2026-04-06 15:05:35.505,-358,-2,280,-428,0,0,-1,-1
2026-04-06 15:05:35.545,-414,-2,280,-427,0,0,-1,-1
2026-04-06 15:05:35.584,-414,-2,292,-427,0,0,-1,-1
2026-04-06 15:05:35.616,-414,-2,292,-427,0,0,-1,-1
2026-04-06 15:05:35.644,-441,-2,292,-424,0,0,-1,-1
2026-04-06 15:05:35.670,-441,-2,282,-424,0,0,-1,-1
2026-04-06 15:05:35.696,-441,-2,282,-426,0,0,-1,-1
2026-04-06 15:05:35.730,-441,-2,274,-426,0,0,-1,-1
2026-04-06 15:05:35.781,-443,-72,274,-425,0,0,-1,-1
2026-04-06 15:05:35.820,-415,-72,290,-425,0,0,-1,-1
2026-04-06 15:05:35.859,-415,-64,290,-426,0,0,-1,-1
2026-04-06 15:05:35.898,-427,-64,266,-426,0,0,-1,-1
2026-04-06 15:05:35.937,-427,-48,265,-426,0,0,-1,-1
2026-04-06 15:05:35.974,-450,-48,265,-426,0,0,-1,-1
2026-04-06 15:05:36.001,-450,-56,265,-424,0,0,-1,-1
2026-04-06 15:05:36.027,-473,-56,266,-424,0,0,-1,-1
2026-04-06 15:05:36.053,-473,-56,266,-428,0,0,-1,-1
2026-04-06 15:05:36.082,-473,-61,270,-428,0,0,-1,-1
2026-04-06 15:05:36.136,-564,-63,270,-424,0,0,-1,-1
2026-04-06 15:05:36.176,-565,-63,290,-424,0,0,-1,-1
2026-04-06 15:05:36.215,-565,-34,290,-427,0,0,-1,-1
2026-04-06 15:05:36.254,-442,-34,289,-427,0,0,-1,-1
2026-04-06 15:05:36.293,-442,-26,289,-425,0,0,-1,-1
2026-04-06 15:05:36.335,-539,-26,292,-425,0,0,-1,-1
2026-04-06 15:05:36.368,-539,-79,268,-424,0,0,-1,-1
2026-04-06 15:05:36.399,-467,-79,268,-424,0,0,-1,-1
2026-04-06 15:05:36.425,-467,-78,268,-425,0,0,-1,-1
2026-04-06 15:05:36.456,-499,-78,275,-425,0,0,-1,-1
2026-04-06 15:05:36.501,-499,-64,275,-424,0,0,-1,-1
2026-04-06 15:05:36.540,-450,-64,287,-424,0,0,-1,-1
2026-04-06 15:05:36.580,-450,-12,287,-425,0,0,-1,-1
2026-04-06 15:05:36.620,-557,-12,275,-425,0,0,-1,-1
2026-04-06 15:05:36.663,-557,-75,269,-426,0,0,-1,-1
2026-04-06 15:05:36.704,-442,-18,269,-427,0,0,-1,-1
2026-04-06 15:05:36.731,-442,-18,283,-427,0,0,-1,-1
2026-04-06 15:05:36.760,-541,-18,283,-427,0,0,-1,-1
2026-04-06 15:05:36.785,-541,-18,283,-425,0,0,-1,-1
2026-04-06 15:05:36.812,-541,-18,272,-425,0,0,-1,-1
2026-04-06 15:05:36.863,-500,-50,272,-424,0,0,0,-1
2026-04-06 15:05:36.903,-557,-50,276,-424,0,0,1,-1
2026-04-06 15:05:36.942,-557,-70,276,-425,0,0,1,0
2026-04-06 15:05:36.981,-474,-70,270,-425,0,0,1,0
2026-04-06 15:05:37.020,-474,-79,264,-424,0,0,1,0
2026-04-06 15:05:37.062,-457,-79,264,-426,0,0,1,1
2026-04-06 15:05:37.091,-457,-79,278,-426,0,0,1,1
2026-04-06 15:05:37.118,-457,-79,278,-426,0,0,1,1
2026-04-06 15:05:37.145,-532,-79,278,-426,0,0,1,1
2026-04-06 15:05:37.174,-532,-79,285,-426,0,0,1,1
2026-04-06 15:05:37.212,-532,-79,285,-428,0,0,1,1
2026-04-06 15:05:37.251,-419,-79,269,-428,0,0,1,1
2026-04-06 15:05:37.290,-419,-79,269,-426,0,0,1,1
2026-04-06 15:05:37.329,-429,-79,272,-426,0,0,1,1
2026-04-06 15:05:37.369,-429,-79,272,-434,0,0,1,1
2026-04-06 15:05:37.413,-429,-79,278,-434,0,0,1,1
2026-04-06 15:05:37.448,-503,-79,271,-424,0,0,1,1
2026-04-06 15:05:37.477,-503,-79,271,-424,0,0,1,1
2026-04-06 15:05:37.504,-503,-79,271,-435,0,0,1,1
2026-04-06 15:05:37.530,-434,-79,279,-435,0,0,1,1
2026-04-06 15:05:37.581,-434,-79,279,-424,0,0,1,1
2026-04-06 15:05:37.620,-440,-79,282,-424,0,0,1,1
2026-04-06 15:05:37.661,-440,-79,282,-426,0,0,1,0
2026-04-06 15:05:37.700,-440,-79,294,-426,0,0,1,0
2026-04-06 15:05:37.739,-458,-79,292,-428,0,0,1,0
2026-04-06 15:05:37.784,-458,-79,292,-423,0,0,1,0
2026-04-06 15:05:37.817,-493,-79,276,-423,0,0,-1,-1
2026-04-06 15:05:37.843,-493,-79,276,-423,0,0,-1,-1
2026-04-06 15:05:37.870,-493,-79,276,-426,0,0,-1,-1
2026-04-06 15:05:37.897,-450,-79,281,-426,0,0,-1,-1
2026-04-06 15:05:37.931,-450,-79,281,-428,0,0,-1,-1
2026-04-06 15:05:37.977,-450,-79,281,-428,0,0,-1,-1
2026-04-06 15:05:38.016,-442,-79,281,-423,0,0,-1,-1
2026-04-06 15:05:38.055,-442,-79,297,-423,0,0,-1,-1
2026-04-06 15:05:38.094,-450,-79,297,-427,0,0,-1,-1
2026-04-06 15:05:38.136,-450,-64,269,-427,0,0,-1,-1
2026-04-06 15:05:38.183,-460,-64,281,-426,0,0,-1,-1
2026-04-06 15:05:38.222,-460,-81,281,-424,0,0,-1,-1
2026-04-06 15:05:38.262,-475,-81,275,-424,0,0,-1,-1
2026-04-06 15:05:38.300,-475,-67,275,-425,0,0,-1,-1
2026-04-06 15:05:38.354,-453,-73,286,-430,0,0,-1,-1
2026-04-06 15:05:38.394,-457,-73,291,-430,0,0,-1,0
2026-04-06 15:05:38.437,-457,-65,291,-425,0,0,-1,0
2026-04-06 15:05:38.480,-549,-66,287,-425,0,0,-1,0
2026-04-06 15:05:38.532,-545,-66,265,-426,0,0,-1,0
2026-04-06 15:05:38.579,-545,-79,265,-427,0,0,-1,0
2026-04-06 15:05:38.619,-516,-79,293,-427,0,0,-1,0
2026-04-06 15:05:38.657,-516,-17,293,-426,0,0,-1,0
2026-04-06 15:05:38.696,-561,-9,285,-426,0,0,-1,0
2026-04-06 15:05:38.735,-557,-9,285,-418,0,0,-1,0
2026-04-06 15:05:38.781,-557,-71,274,-418,0,0,-1,0
2026-04-06 15:05:38.821,-485,-71,289,-427,0,0,-1,0
2026-04-06 15:05:38.870,-485,-79,289,-422,0,0,-1,0
2026-04-06 15:05:38.922,-466,-79,283,-422,0,0,-1,0
2026-04-06 15:05:38.961,-493,-79,261,-427,0,0,-1,0
2026-04-06 15:05:39.004,-493,-79,261,-427,0,0,-1,0
2026-04-06 15:05:39.042,-493,-79,261,-427,0,0,-1,0
2026-04-06 15:05:39.081,-483,-72,261,-422,0,0,-1,0
2026-04-06 15:05:39.120,-450,-72,286,-422,0,0,-1,0
2026-04-06 15:05:39.160,-450,-72,286,-425,0,0,-1,0
2026-04-06 15:05:39.218,-450,-72,273,-425,0,0,1,0
2026-04-06 15:05:39.270,-462,-72,292,-425,0,0,1,0
2026-04-06 15:05:39.313,-462,-2,292,-425,0,0,1,0
2026-04-06 15:05:39.352,-557,-2,284,-425,0,0,1,-1
2026-04-06 15:05:39.391,-557,-2,284,-428,0,0,1,-1
2026-04-06 15:05:39.436,-425,-2,265,-424,0,0,1,-1
2026-04-06 15:05:39.476,-425,-2,263,-424,0,0,1,-1
2026-04-06 15:05:39.516,-425,-2,263,-420,0,0,1,0
2026-04-06 15:05:39.555,-455,-2,290,-420,0,0,1,0
2026-04-06 15:05:39.599,-455,-2,290,-435,0,0,1,0
2026-04-06 15:05:39.664,-439,-2,285,-427,0,0,1,0
2026-04-06 15:05:39.703,-439,-2,271,-427,0,0,1,0
2026-04-06 15:05:39.743,-431,-2,271,-431,0,0,1,0
2026-04-06 15:05:39.781,-431,-2,281,-431,0,0,1,0
2026-04-06 15:05:39.821,-442,-2,281,-424,0,0,1,0
2026-04-06 15:05:39.863,-442,-2,283,-424,0,0,1,0
2026-04-06 15:05:39.903,-442,-2,282,-424,0,0,1,0
2026-04-06 15:05:39.945,-448,-2,282,-428,0,0,1,0
2026-04-06 15:05:39.997,-448,-2,299,-428,0,0,1,0
2026-04-06 15:05:40.045,-439,-2,276,-428,0,0,-1,0
2026-04-06 15:05:40.099,-439,-2,276,-425,0,0,-1,0
2026-04-06 15:05:40.139,-430,-2,271,-425,0,0,-1,-1
2026-04-06 15:05:40.177,-430,-2,271,-426,0,0,-1,-1
2026-04-06 15:05:40.218,-490,-2,268,-426,0,0,-1,-1
2026-04-06 15:05:40.257,-490,-2,271,-426,0,0,-1,-1
2026-04-06 15:05:40.300,-438,-2,271,-418,0,0,-1,-1
2026-04-06 15:05:40.351,-438,-49,280,-418,0,0,-1,-1
2026-04-06 15:05:40.399,-462,-49,280,-433,0,0,-1,-1
2026-04-06 15:05:40.442,-487,-56,291,-425,0,0,-1,-1
2026-04-06 15:05:40.483,-487,-69,279,-425,0,0,-1,0
2026-04-06 15:05:40.528,-503,-69,279,-422,0,0,-1,0
2026-04-06 15:05:40.567,-503,-25,273,-422,0,0,-1,0
2026-04-06 15:05:40.606,-517,-25,273,-426,0,0,-1,-1
2026-04-06 15:05:40.648,-517,-79,282,-426,0,0,-1,-1
2026-04-06 15:05:40.704,-535,-14,268,-425,0,0,-1,-1
2026-04-06 15:05:40.764,-562,-70,285,-426,0,0,-1,-1
2026-04-06 15:05:40.807,-515,-70,285,-425,0,0,-1,-1
2026-04-06 15:05:40.846,-515,-42,281,-425,0,0,-1,-1
2026-04-06 15:05:40.886,-561,-42,281,-426,0,0,-1,-1
2026-04-06 15:05:40.924,-561,-57,286,-426,0,0,-1,-1
2026-04-06 15:05:40.984,-542,-14,277,-426,0,0,-1,-1
2026-04-06 15:05:41.025,-471,-14,277,-427,0,0,-1,-1
2026-04-06 15:05:41.066,-471,-14,258,-427,0,0,-1,-1
2026-04-06 15:05:41.119,-484,-14,258,-424,0,0,-1,-1
2026-04-06 15:05:41.152,-484,-55,278,-424,0,0,-1,-1
2026-04-06 15:05:41.193,-497,-55,274,-426,0,0,-1,-1
2026-04-06 15:05:41.234,-497,-55,274,-427,0,0,-1,0
2026-04-06 15:05:41.272,-446,-55,274,-427,0,0,-1,0
2026-04-06 15:05:41.312,-446,-55,274,-425,0,0,-1,0
2026-04-06 15:05:41.351,-446,-55,277,-425,0,0,-1,-1
2026-04-06 15:05:41.397,-455,-37,277,-427,0,0,-1,-1
2026-04-06 15:05:41.449,-543,-37,296,-424,0,0,-1,-1
2026-04-06 15:05:41.517,-543,-37,267,-424,0,0,-1,-1
2026-04-06 15:05:41.566,-538,-37,281,-426,0,0,1,0
2026-04-06 15:05:41.618,-501,-57,281,-426,0,0,1,0
2026-04-06 15:05:41.659,-501,-17,259,-426,0,0,1,0
2026-04-06 15:05:41.699,-468,-17,284,-428,0,0,1,0
2026-04-06 15:05:41.741,-468,-17,284,-425,0,0,1,0
2026-04-06 15:05:41.786,-531,-17,271,-425,0,0,1,0
2026-04-06 15:05:41.838,-531,-17,271,-424,0,0,1,0
2026-04-06 15:05:41.907,-523,-17,294,-433,0,0,1,0
2026-04-06 15:05:41.951,-523,-17,287,-433,0,0,1,0
2026-04-06 15:05:41.993,-468,-17,289,-429,0,0,1,0
2026-04-06 15:05:42.038,-468,-17,289,-431,0,0,1,0
2026-04-06 15:05:42.078,-462,-17,282,-431,0,0,1,0
2026-04-06 15:05:42.123,-462,-17,282,-419,0,0,1,0
2026-04-06 15:05:42.164,-429,-17,280,-419,0,0,1,0
2026-04-06 15:05:42.204,-429,-17,283,-420,0,0,1,0
2026-04-06 15:05:42.248,-435,-17,283,-433,0,0,1,0
2026-04-06 15:05:42.295,-435,-17,265,-433,0,0,1,0
2026-04-06 15:05:42.349,-539,-17,294,-421,0,0,1,-1
2026-04-06 15:05:42.397,-539,-17,294,-428,0,0,-1,-1
2026-04-06 15:05:42.443,-473,-17,275,-428,0,0,-1,-1
2026-04-06 15:05:42.490,-473,-17,271,-426,0,0,-1,-1
2026-04-06 15:05:42.533,-528,-17,271,-426,0,0,-1,-1
2026-04-06 15:05:42.580,-528,-17,294,-426,0,0,-1,-1
2026-04-06 15:05:42.623,-528,-17,294,-425,0,0,-1,-1
2026-04-06 15:05:42.665,-477,-4,288,-425,0,0,-1,-1
2026-04-06 15:05:42.707,-468,-4,269,-425,0,0,-1,-1
2026-04-06 15:05:42.765,-468,-64,269,-424,0,0,-1,-1
2026-04-06 15:05:42.832,-460,-57,291,-425,0,0,-1,-1
2026-04-06 15:05:42.885,-460,-57,291,-425,0,0,-1,-1
2026-04-06 15:05:42.932,-460,-57,291,-425,0,0,-1,-1
2026-04-06 15:05:42.977,-460,-57,291,-425,0,0,-1,-1
2026-04-06 15:05:43.022,-460,-57,291,-425,0,0,-1,-1
2026-04-06 15:05:43.072,-460,-57,291,-425,0,0,-1,-1
2026-04-06 15:05:43.119,-460,-57,291,-425,0,0,-1,-1
2026-04-06 15:05:43.163,-460,-57,291,-425,0,0,-1,-1
2026-04-06 15:05:43.203,-460,-57,291,-425,0,0,-1,-1
2026-04-06 15:05:43.243,-460,-57,291,-425,0,0,-1,-1
2026-04-06 15:05:43.291,-460,-57,291,-425,0,0,-1,-1
2026-04-06 15:05:43.329,-460,-57,291,-425,0,0,-1,-1
2026-04-06 15:05:43.372,-460,-57,291,-425,0,0,-1,-1
2026-04-06 15:05:43.413,-460,-57,291,-425,0,0,-1,-1
2026-04-06 15:05:43.463,-460,-57,291,-425,0,0,-1,-1
2026-04-06 15:05:43.512,-460,-57,291,-425,0,0,-1,-1
2026-04-06 15:05:43.560,-460,-57,291,-425,0,0,-1,-1
2026-04-06 15:05:43.604,-460,-57,291,-425,0,0,-1,-1
2026-04-06 15:05:43.649,-460,-57,291,-425,0,0,-1,-1
2026-04-06 15:05:43.690,-460,-57,291,-425,0,0,-1,-1
2026-04-06 15:05:43.749,-460,-57,291,-425,0,0,-1,-1
2026-04-06 15:05:43.797,-460,-57,291,-425,0,0,-1,-1
2026-04-06 15:05:43.845,-9473,-16131,291,-425,0,0,-1,-1
2026-04-06 15:05:43.892,-550,-16131,291,-425,0,0,-1,-1
2026-04-06 15:05:43.938,-550,-16131,291,-423,0,0,-1,-1
2026-04-06 15:05:43.988,-562,-16131,272,-423,0,0,-1,-1
2026-04-06 15:05:44.034,-562,-16131,280,-426,0,0,1,-1
2026-04-06 15:05:44.077,-548,-16131,280,-424,0,0,1,-1
2026-04-06 15:05:44.120,-548,-16131,278,-424,0,0,1,0
2026-04-06 15:05:44.162,-564,-16131,278,-427,0,0,1,1
2026-04-06 15:05:44.212,-564,-16131,299,-428,0,0,1,1
2026-04-06 15:05:44.252,-494,-16131,279,-428,0,0,1,1
2026-04-06 15:05:44.297,-494,-16131,279,-423,0,0,1,1
2026-04-06 15:05:44.338,-521,-16131,266,-423,0,0,1,1
2026-04-06 15:05:44.380,-521,-16131,266,-443,0,0,1,1
2026-04-06 15:05:44.417,-521,-16131,271,-443,0,0,1,1
2026-04-06 15:05:44.447,-548,-16131,271,-426,0,0,1,1
2026-04-06 15:05:44.479,-548,-16131,281,-426,0,0,1,1
2026-04-06 15:05:44.509,-548,-16131,281,-440,0,0,1,1
2026-04-06 15:05:44.545,-448,-16131,271,-440,0,0,1,1
2026-04-06 15:05:44.599,-448,-16131,271,-437,0,0,1,1
2026-04-06 15:05:44.637,-437,-16131,285,-437,0,0,1,1
2026-04-06 15:05:44.677,-437,-16131,283,-427,0,0,1,1
2026-04-06 15:05:44.716,-534,-16131,283,-437,0,0,-1,0
2026-04-06 15:05:44.755,-534,-16131,279,-437,0,0,-1,-1
2026-04-06 15:05:44.787,-534,-16131,279,-432,0,0,-1,-1
2026-04-06 15:05:44.813,-434,-16131,279,-432,0,0,-1,-1
2026-04-06 15:05:44.844,-434,-16131,281,-432,0,0,-1,-1
2026-04-06 15:05:44.883,-434,-16131,281,-430,0,0,-1,-1
2026-04-06 15:05:44.923,-474,-16131,291,-430,0,0,-1,-1
2026-04-06 15:05:44.967,-474,-63,285,-434,0,0,-1,-1
2026-04-06 15:05:45.006,-497,-63,285,-426,0,0,-1,-1
2026-04-06 15:05:45.046,-497,-66,292,-426,0,0,-1,-1
2026-04-06 15:05:45.089,-489,-77,292,-436,0,0,-1,-1
2026-04-06 15:05:45.130,-563,-77,277,-436,0,0,-1,-1
2026-04-06 15:05:45.161,-563,-37,277,-424,0,0,-1,0
2026-04-06 15:05:45.189,-563,-37,276,-424,0,0,-1,0
2026-04-06 15:05:45.218,-570,-37,276,-430,0,0,-1,0
2026-04-06 15:05:45.257,-570,-76,290,-430,0,0,-1,0
2026-04-06 15:05:45.299,-569,-20,290,-430,0,0,-1,0
2026-04-06 15:05:45.352,-555,-20,279,-430,0,0,-1,0
2026-04-06 15:05:45.391,-555,-4,279,-434,0,0,-1,0
2026-04-06 15:05:45.430,-555,-4,279,-434,0,0,-1,0
2026-04-06 15:05:45.471,-555,-15,269,-431,0,0,-1,-1
2026-04-06 15:05:45.509,-557,-15,269,-428,0,0,-1,-1
2026-04-06 15:05:45.539,-557,-15,285,-428,0,0,-1,-1
2026-04-06 15:05:45.565,-560,-15,285,-428,0,0,-1,-1
2026-04-06 15:05:45.598,-560,-15,285,-432,0,0,-1,-1
2026-04-06 15:05:45.638,-560,-15,287,-432,0,0,-1,-1
2026-04-06 15:05:45.677,-558,-15,287,-431,0,0,-1,-1
2026-04-06 15:05:45.721,-536,-59,295,-433,0,0,-1,-1
2026-04-06 15:05:45.760,-536,-16,271,-433,0,0,-1,-1
2026-04-06 15:05:45.799,-530,-16,271,-432,0,0,-1,-1
2026-04-06 15:05:45.838,-530,-16,277,-432,0,0,-1,-1
2026-04-06 15:05:45.876,-520,-16,277,-433,0,0,-1,0
2026-04-06 15:05:45.910,-520,-55,286,-433,0,0,-1,0
2026-04-06 15:05:45.937,-552,-55,286,-431,0,0,-1,0
2026-04-06 15:05:45.971,-552,-55,279,-431,0,0,-1,0
2026-04-06 15:05:46.010,-552,-55,279,-417,0,0,-1,0
2026-04-06 15:05:46.050,-552,-55,273,-417,0,0,-1,0
2026-04-06 15:05:46.110,-834,-70,273,-434,0,0,1,0
2026-04-06 15:05:46.150,-838,-70,264,-434,0,0,1,1
2026-04-06 15:05:46.190,-838,-69,264,-321,0,0,1,1
2026-04-06 15:05:46.229,-809,-69,264,-321,0,0,1,1
2026-04-06 15:05:46.347,-742,-16,264,-331,0,0,1,0
2026-04-06 15:05:46.414,-272,-16,264,-323,0,0,1,0
2026-04-06 15:05:46.476,-192,-16,264,-416,0,0,1,1
2026-04-06 15:05:46.541,-192,-16,264,-416,0,0,1,1
2026-04-06 15:05:46.610,-240,-16,264,-341,0,0,1,1
2026-04-06 15:05:46.638,-240,-16,264,-341,0,0,1,1
2026-04-06 15:05:46.668,-216,-16,264,-335,0,0,1,1
2026-04-06 15:05:46.700,-216,-16,264,-335,0,0,1,1
2026-04-06 15:05:46.741,-216,-16,264,-335,0,0,1,1
2026-04-06 15:05:46.780,-200,-16,264,-322,0,0,1,1
2026-04-06 15:05:46.870,-213,-78,284,-358,0,0,-1,1
2026-04-06 15:05:46.915,-239,-78,284,-405,0,0,-1,0
2026-04-06 15:05:46.954,-239,-38,285,-405,0,0,-1,0
2026-04-06 15:05:46.988,-228,-38,285,-403,0,0,-1,0
2026-04-06 15:05:47.029,-228,-59,282,-403,0,0,-1,0
2026-04-06 15:05:47.056,-208,-59,282,-401,0,0,-1,0
2026-04-06 15:05:47.111,-208,-59,273,-401,0,0,-1,0
2026-04-06 15:05:47.151,-208,-59,275,-405,0,0,-1,0
2026-04-06 15:05:47.179,-236,-59,275,-405,0,0,-1,0
2026-04-06 15:05:47.206,-236,-83,275,-401,0,0,-1,0
2026-04-06 15:05:47.244,-253,-83,280,-401,0,0,-1,0
2026-04-06 15:05:47.286,-253,-11,280,-402,0,0,-1,0
2026-04-06 15:05:47.325,-241,-11,287,-402,0,0,-1,0
2026-04-06 15:05:47.361,-241,-45,272,-401,0,0,-1,0
2026-04-06 15:05:47.388,-258,-45,272,-401,0,0,-1,0
2026-04-06 15:05:47.414,-258,-41,272,-399,0,0,-1,0
2026-04-06 15:05:47.445,-258,-41,287,-399,0,0,-1,0
2026-04-06 15:05:47.472,-263,-41,287,-399,0,0,-1,0
2026-04-06 15:05:47.499,-263,-1,287,-401,0,0,-1,0
2026-04-06 15:05:47.530,-273,-1,286,-401,0,0,-1,0
2026-04-06 15:05:47.556,-273,-73,286,-401,0,0,0,0
2026-04-06 15:05:47.588,-273,-73,278,-401,0,0,0,0
2026-04-06 15:05:47.627,-287,-60,278,-401,0,0,0,0
2026-04-06 15:05:47.668,-288,-60,296,-401,0,0,0,0
2026-04-06 15:05:47.707,-288,-83,296,-400,0,0,0,0
2026-04-06 15:05:47.741,-290,-83,291,-400,0,0,0,0
2026-04-06 15:05:47.777,-290,-9,291,-402,0,0,0,0
2026-04-06 15:05:47.804,-290,-9,284,-402,0,0,0,0
2026-04-06 15:05:47.830,-278,-9,284,-402,0,0,0,0
2026-04-06 15:05:47.857,-278,-8,284,-401,0,0,0,0
2026-04-06 15:05:47.883,-284,-8,283,-401,0,0,0,0
2026-04-06 15:05:47.912,-284,-8,283,-400,0,0,0,0
2026-04-06 15:05:47.941,-284,-8,278,-400,0,0,0,0
2026-04-06 15:05:47.980,-284,-8,278,-400,0,0,0,0
2026-04-06 15:05:48.019,-289,-8,276,-400,0,0,0,0
2026-04-06 15:05:48.061,-289,-10,276,-401,0,0,0,0
2026-04-06 15:05:48.106,-302,-22,285,-401,0,0,0,0
2026-04-06 15:05:48.133,-302,-22,285,-400,0,0,0,0
2026-04-06 15:05:48.160,-306,-22,286,-400,0,0,0,0
2026-04-06 15:05:48.188,-306,-80,286,-400,0,0,0,0
2026-04-06 15:05:48.216,-307,-80,286,-399,0,0,0,0
2026-04-06 15:05:48.245,-307,-80,281,-399,0,0,0,0
2026-04-06 15:05:48.273,-307,-77,281,-401,0,0,0,0
2026-04-06 15:05:48.300,-303,-77,270,-401,0,0,0,0
2026-04-06 15:05:48.332,-303,-19,270,-401,0,0,0,0
2026-04-06 15:05:48.372,-297,-19,275,-399,0,0,0,0
2026-04-06 15:05:48.428,-297,-19,275,-402,0,0,0,0
2026-04-06 15:05:48.467,-295,-33,280,-402,0,0,0,0
2026-04-06 15:05:48.496,-295,-33,280,-402,0,0,0,0
2026-04-06 15:05:48.524,-295,-33,271,-402,0,0,0,0
2026-04-06 15:05:48.552,-295,-12,271,-400,0,0,0,0
2026-04-06 15:05:48.581,-308,-12,271,-400,0,0,0,0
2026-04-06 15:05:48.608,-308,-93,267,-400,0,0,0,0
2026-04-06 15:05:48.634,-308,-93,267,-401,0,0,0,0
2026-04-06 15:05:48.662,-298,-93,267,-401,0,0,0,0
2026-04-06 15:05:48.692,-298,-88,267,-401,0,0,0,0
2026-04-06 15:05:48.737,-300,-88,280,-400,0,0,0,0
2026-04-06 15:05:48.776,-300,-75,280,-402,0,0,0,0
