sample_index,elapsed_us,position_valid,axis1_from_left_mm,axis2_from_left_mm,axis3_from_left_mm,axis4_from_left_mm,axis5_from_left_mm,axis6_from_left_mm,axis7_from_left_mm,axis1_handle_valid,axis1_handle_linear_raw,axis1_handle_linear_filtered,axis1_handle_rotation_raw,axis1_handle_rotation_filtered,axis6_handle_valid,axis6_handle_linear_raw,axis6_handle_linear_filtered,axis6_handle_rotation_raw,axis6_handle_rotation_filtered
0,7557,1,10.9731259,-0.1494653208,625.9976633,0,625.9990591,635.1267358,0.001815922004,1,0.08316583215,0.08315746507,2.658921381,2.658921381,1,0.00742832137,0.00742832137,1.221782586,1.221782586
1,68799,1,10.9731259,-0.1494653208,625.9976633,0,625.9990591,635.1267358,0.001815922004,1,0.08316583215,0.08315955684,2.658921381,2.658921381,1,0.00742832137,0.00742832137,1.221782586,1.221782586
2,125920,1,10.9731259,-0.1494653208,625.9976633,0,625.9990591,635.1267358,0.001815922004,1,0.08316583215,0.08316112567,2.658921381,2.658921381,1,0.00742832137,0.00742832137,1.221782586,1.221782586
3,186374,1,10.9731259,-0.1494653208,625.9976633,0,625.9990591,635.1267358,0.001815922004,1,0.08316583215,0.08316230229,2.658921381,2.658921381,1,0.00742832137,0.00742832137,1.221782586,1.221782586
4,236388,1,10.9731259,-0.1494653208,625.9976633,0,625.9990591,635.1267358,0.001815922004,1,0.08316583215,0.08316318476,2.658921381,2.658921381,1,0.00742832137,0.00742832137,1.221782586,1.221782586
5,287473,1,10.9731259,-0.1494653208,625.9976633,0,625.9990591,635.1267358,0.001815922004,1,0.08316583215,0.08316384661,2.658921381,2.658921381,1,0.00742832137,0.00742832137,1.221782586,1.221782586
6,339766,1,10.9731259,-0.1494653208,625.9976633,0,625.9990591,635.1267358,0.001815922004,1,0.08316583215,0.08316434299,2.658921381,2.658921381,1,0.00742832137,0.00742832137,1.221782586,1.221782586
7,392517,1,10.9731259,-0.1494653208,625.9976633,0,625.9990591,635.1267358,0.001815922004,1,0.08316583215,0.08316471528,2.658921381,2.658921381,1,0.00742832137,0.00742832137,1.221782586,1.221782586
8,439871,1,10.9731259,-0.1494653208,625.9976633,0,625.9990591,635.1267358,0.001815922004,1,0.08316583215,0.0831649945,2.658921381,2.658921381,1,0.00742832137,0.00742832137,1.221782586,1.221782586
9,486025,1,10.9731259,-0.1494653208,625.9976633,0,625.9990591,635.1267358,0.001815922004,1,0.08316583215,0.08316520391,2.658921381,2.658921381,1,0.00742832137,0.00742832137,1.221782586,1.221782586
10,534976,1,10.9731259,-0.1494653208,625.9976633,0,625.9990591,635.1267358,0.001815922004,1,0.08317997788,0.08316889741,2.658921381,2.658921381,1,0.00742832137,0.00742832137,1.221782586,1.221782586
11,584129,1,10.9731259,-0.1494653208,625.9976633,0,625.9990591,635.1267358,0.001815922004,1,0.08318008997,0.08317169555,2.658921381,2.658921381,1,0.00742832137,0.00742832137,1.221782586,1.221782586
12,642271,1,10.9731259,-0.1494653208,625.9976633,0,625.9990591,635.1267358,0.001815922004,1,0.08318008997,0.08317379415,2.658921381,2.658921381,1,0.00742832137,0.00742832137,1.221782586,1.221782586
13,692783,1,10.9731259,-0.1494653208,625.9976633,0,625.9990591,635.1267358,0.001815922004,1,0.08318008997,0.08317536811,2.658921381,2.658921381,1,0.00742832137,0.00742832137,1.221782586,1.221782586
14,740397,1,10.9731259,-0.1494653208,625.9976633,0,625.9990591,635.1267358,0.001815922004,1,0.08318008997,0.08317654857,2.658921381,2.658921381,1,0.00742832137,0.00742832137,1.221782586,1.221782586
15,794748,1,10.9731259,-0.1494653208,625.9976633,0,625.9990591,635.1267358,0.001815922004,1,0.08318008997,0.08317743392,2.658921381,2.658921381,1,0.00742832137,0.00742832137,1.221782586,1.221782586
16,844867,1,10.9731259,-0.1494653208,625.9976633,0,625.9990591,635.1267358,0.001815922004,1,0.08318008997,0.08317809793,2.658921381,2.658921381,1,0.00742832137,0.00742832137,1.221782586,1.221782586
17,898228,1,10.9731259,-0.1494653208,625.9976633,0,625.9990591,635.1267358,0.001815922004,1,0.08318008997,0.08317859594,2.658921381,2.658921381,1,0.00742832137,0.00742832137,1.221782586,1.221782586
18,942569,1,10.9731259,-0.1494653208,625.9976633,0,625.9990591,635.1267358,0.001815922004,1,0.08318008997,0.08317896945,2.658921381,2.658921381,1,0.00742832137,0.00742832137,1.221782586,1.221782586
19,993622,1,10.9731259,-0.1494653208,625.9976633,0,625.9990591,635.1267358,0.001815922004,1,0.08318008997,0.08317924958,2.658921381,2.658921381,1,0.00742832137,0.00742832137,1.221782586,1.221782586
20,1041467,1,10.9731259,-0.1494653208,625.9976633,0,625.9990591,635.1267358,0.001815922004,1,0.08318008997,0.08317945968,2.658921381,2.658921381,1,0.00742832137,0.00742832137,1.221782586,1.221782586
21,1088939,1,10.9731259,-0.1494653208,625.9976633,0,625.9990591,635.1267358,0.001815922004,1,0.08319434778,0.0831831817,2.658921381,2.658921381,1,0.00742832137,0.00742832137,1.221782586,1.221782586
22,1152260,1,10.9731259,-0.1494653208,625.9976633,0,625.9990591,635.1267358,0.001815922004,1,0.08319434778,0.08318597322,2.658921381,2.658921381,1,0.00742832137,0.00742832137,1.221782586,1.221782586
23,1212461,1,10.9731259,-0.1494653208,625.9976633,0,625.9990591,635.1267358,0.001815922004,1,0.08319434778,0.08318806686,2.658921381,2.658921381,1,0.00742832137,0.00742832137,1.221782586,1.221782586
24,1263022,1,10.9731259,-0.1494653208,625.9976633,0,625.9990591,635.1267358,0.001815922004,1,0.08319434778,0.08318963709,2.658921381,2.658921381,1,0.00742832137,0.00742832137,1.221782586,1.221782586
25,1312024,1,10.9731259,-0.1494653208,625.9976633,0,625.9990591,635.1267358,0.001815922004,1,0.08319434778,0.08319081477,2.658921381,2.658921381,1,0.00742832137,0.00742832137,1.221782586,1.221782586
26,1362493,1,10.9731259,-0.1494653208,625.9976633,0,625.9990591,635.1267358,0.001815922004,1,0.08319434778,0.08319169802,2.658921381,2.658921381,1,0.00742832137,0.00742832137,1.221782586,1.221782586
27,1416479,1,10.9731259,-0.1494653208,625.9976633,0,625.9990591,635.1267358,0.001815922004,1,0.08319434778,0.08319236046,2.658921381,2.658921381,1,0.00742832137,0.00742832137,1.221782586,1.221782586
28,1463743,1,10.9731259,-0.1494653208,625.9976633,0,625.9990591,635.1267358,0.001815922004,1,0.08319434778,0.08319285729,2.658921381,2.658921381,1,0.00742832137,0.00742832137,1.221782586,1.221782586
29,1514852,1,10.9731259,-0.1494653208,625.9976633,0,625.9990591,635.1267358,0.001815922004,1,0.08319434778,0.08319322991,2.658921381,2.658921381,1,0.00742832137,0.00742832137,1.221782586,1.221782586
30,1569047,1,10.9731259,-0.1494653208,625.9976633,0,625.9990591,635.1267358,0.001815922004,1,0.08319434778,0.08319350938,2.658921381,2.658921381,1,0.00742832137,0.00742832137,1.221782586,1.221782586
31,1618267,1,10.9731259,-0.1494653208,625.9976633,0,625.9990591,635.1267358,0.001815922004,1,0.08319434778,0.08319371898,2.658921381,2.658921381,1,0.00742832137,0.00742832137,1.221782586,1.221782586
32,1661147,1,10.9731259,-0.1494653208,625.9976633,0,625.9990591,635.1267358,0.001815922004,1,0.0832082395,0.08319734911,2.658921381,2.658921381,1,0.00742832137,0.00742832137,1.221782586,1.221782586
33,1699448,1,10.9731259,-0.1494653208,625.9976633,0,625.9990591,635.1267358,0.001815922004,1,0.0832086056,0.08320016323,2.658921381,2.658921381,1,0.00742832137,0.00742832137,1.221782586,1.221782586
34,1738178,1,10.9731259,-0.1494653208,625.9976633,0,625.9990591,635.1267358,0.001815922004,1,0.0832086056,0.08320227382,2.658921381,2.658921381,1,0.00742832137,0.00742832137,1.221782586,1.221782586
35,1778303,1,10.9731259,-0.1494653208,625.9976633,0,625.9990591,635.1267358,0.001815922004,1,0.0832086056,0.08320385677,2.658921381,2.658921381,1,0.00742832137,0.00742832137,1.221782586,1.221782586
36,1818548,1,10.9731259,-0.1494653208,625.9976633,0,625.9990591,635.1267358,0.001815922004,1,0.0832086056,0.08320504397,2.658921381,2.658921381,1,0.00742832137,0.00742832137,1.221782586,1.221782586
37,1864668,1,10.9731259,-0.1494653208,625.9976633,0,625.9990591,635.1267358,0.001815922004,1,0.0832086056,0.08320593438,2.658921381,2.658921381,1,0.00742832137,0.00742832137,1.221782586,1.221782586
38,1903814,1,10.9731259,-0.1494653208,625.9976633,0,625.9990591,635.1267358,0.001815922004,1,0.0832086056,0.08320660218,2.658921381,2.658921381,1,0.00742832137,0.00742832137,1.221782586,1.221782586
39,1942066,1,10.9731259,-0.1494653208,625.9976633,0,625.9990591,635.1267358,0.001815922004,1,0.0832086056,0.08320710304,2.658921381,2.658921381,1,0.00742832137,0.00742832137,1.221782586,1.221782586
40,1979089,1,10.9731259,-0.1494653208,625.9976633,0,625.9990591,635.1267358,0.001815922004,1,0.0832086056,0.08320747868,2.658921381,2.658921381,1,0.00742832137,0.00742832137,1.221782586,1.221782586
41,2014421,1,10.9731259,-0.1494653208,625.9976633,0,625.9990591,635.1267358,0.001815922004,1,0.0832086056,0.08320776041,2.658921381,2.658921381,1,0.00742832137,0.00742832137,1.221782586,1.221782586
42,2059954,1,10.9731259,-0.1494653208,625.9976633,0,625.9990591,635.1267358,0.001815922004,1,0.0832086056,0.08320797171,2.658921381,2.658921381,1,0.00742832137,0.00742832137,1.221782586,1.221782586
43,2108210,1,10.9731259,-0.1494653208,625.9976633,0,625.9990591,635.1267358,0.001815922004,1,0.0832086056,0.08320813018,2.658921381,2.658921381,1,0.00742832137,0.00742832137,1.221782586,1.221782586
44,2143999,1,10.9731259,-0.1494653208,625.9976633,0,625.9990591,635.1267358,0.001815922004,1,0.0832086056,0.08320824903,2.658921381,2.658921381,1,0.00742832137,0.00742832137,1.221782586,1.221782586
45,2179859,1,10.9731259,-0.1494653208,625.9976633,0,625.9990591,635.1267358,0.001815922004,1,0.0832086056,0.08320833817,2.658921381,2.658921381,1,0.00742832137,0.00742832137,1.221782586,1.221782586
46,2216104,1,10.9731259,-0.1494653208,625.9976633,0,625.9990591,635.1267358,0.001815922004,1,0.08322286341,0.08321196948,2.658921381,2.658921381,1,0.00742832137,0.00742832137,1.221782586,1.221782586
47,2255317,1,10.9731259,-0.1494653208,625.9976633,0,625.9990591,635.1267358,0.001815922004,1,0.08322286341,0.08321469297,2.658921381,2.658921381,1,0.00742832137,0.00742832137,1.221782586,1.221782586
48,2295306,1,10.9731259,-0.1494653208,625.9976633,0,625.9990591,635.1267358,0.001815922004,1,0.08322286341,0.08321673558,2.658921381,2.658921381,1,0.00742832137,0.00742832137,1.221782586,1.221782586
49,2333599,1,10.9731259,-0.1494653208,625.9976633,0,625.9990591,635.1267358,0.001815922004,1,0.08322286341,0.08321826754,2.658921381,2.658921381,1,0.00742832137,0.00742832137,1.221782586,1.221782586
50,2368896,1,10.9731259,-0.1494653208,625.9976633,0,625.9990591,635.1267358,0.001815922004,1,0.08322286341,0.08321941651,2.658921381,2.658921381,1,0.00742832137,0.00742832137,1.221782586,1.221782586
51,2402076,1,10.9731259,-0.1494653208,625.9976633,0,625.9990591,635.1267358,0.001815922004,1,0.08322286341,0.08322027823,2.658921381,2.658921381,1,0.00742832137,0.00742832137,1.221782586,1.221782586
52,2444257,1,10.9731259,-0.1494653208,625.9976633,0,625.9990591,635.1267358,0.001815922004,1,0.08322286341,0.08322092453,2.658921381,2.658921381,1,0.00742832137,0.00742832137,1.221782586,1.221782586
53,2474881,1,10.9731259,-0.1494653208,625.9976633,0,625.9990591,635.1267358,0.001815922004,1,0.08322286341,0.08322140925,2.658921381,2.658921381,1,0.00742832137,0.00742832137,1.221782586,1.221782586
54,2508422,1,10.9731259,-0.1494653208,625.9976633,0,625.9990591,635.1267358,0.001815922004,1,0.08322286341,0.08322177279,2.658921381,2.658921381,1,0.00742832137,0.00742832137,1.221782586,1.221782586
55,2545941,1,10.9731259,-0.1494653208,625.9976633,0,625.9990591,635.1267358,0.001815922004,1,0.08322286341,0.08322204545,2.658921381,2.658921381,1,0.00742832137,0.00742832137,1.221782586,1.221782586
56,2582216,1,10.9731259,-0.1494653208,625.9976633,0,625.9990591,635.1267358,0.001815922004,1,0.08322286341,0.08322224994,2.658921381,2.658921381,1,0.00742832137,0.00742832137,1.221782586,1.221782586
57,2620245,1,10.9731259,-0.1494653208,625.9976633,0,625.9990591,635.1267358,0.001815922004,1,0.08322286341,0.08322240331,2.658921381,2.658921381,1,0.00742832137,0.00742832137,1.221782586,1.221782586
58,2652981,1,10.9731259,-0.1494653208,625.9976633,0,625.9990591,635.1267358,0.001815922004,1,0.08322286341,0.08322251833,2.658921381,2.658921381,1,0.00742832137,0.00742832137,1.221782586,1.221782586
59,2687278,1,10.9731259,-0.1494653208,625.9976633,0,625.9990591,635.1267358,0.001815922004,1,0.08322286341,0.0832226046,2.658921381,2.658921381,1,0.00742832137,0.00742832137,1.221782586,1.221782586
60,2723541,1,10.9731259,-0.1494653208,625.9976633,0,625.9990591,635.1267358,0.001815922004,1,0.08322286341,0.0832226693,2.658921381,2.658921381,1,0.00742832137,0.00742832137,1.221782586,1.221782586
61,2761930,1,10.9731259,-0.1494653208,625.9976633,0,625.9990591,635.1267358,0.001815922004,1,0.08322286341,0.08322271783,2.658921381,2.658921381,1,0.00742832137,0.00742832137,1.221782586,1.221782586
62,2801870,1,10.9731259,-0.1494653208,625.9976633,0,625.9990591,635.1267358,0.001815922004,1,0.08322286341,0.08322275423,2.658921381,2.658921381,1,0.00742832137,0.00742832137,1.221782586,1.221782586
63,2845141,1,10.9731259,-0.1494653208,625.9976633,0,625.9990591,635.1267358,0.001815922004,1,0.08323712123,0.08322634598,2.658921381,2.658921381,1,0.00742832137,0.00742832137,1.221782586,1.221782586
64,2881532,1,10.9731259,-0.1494653208,625.9976633,0,625.9990591,635.1267358,0.001815922004,1,0.08323712123,0.08322903979,2.658921381,2.658921381,1,0.00742832137,0.00742832137,1.221782586,1.221782586
65,2917853,1,10.9731259,-0.1494653208,625.9976633,0,625.9990591,635.1267358,0.001815922004,1,0.08323712123,0.08323106015,2.658921381,2.658921381,1,0.00742832137,0.00742832137,1.221782586,1.221782586
66,2951545,1,10.9731259,-0.1494653208,625.9976633,0,625.9990591,635.1267358,0.001815922004,1,0.08323712123,0.08323257542,2.658921381,2.658921381,1,0.00742832137,0.00742832137,1.221782586,1.221782586
67,2984523,1,10.9731259,-0.1494653208,625.9976633,0,625.9990591,635.1267358,0.001815922004,1,0.08323712123,0.08323371187,2.658921381,2.658921381,1,0.00742832137,0.00742832137,1.221782586,1.221782586
68,3021039,1,10.9731259,-0.1494653208,625.9976633,0,625.9990591,635.1267358,0.001815922004,1,0.08323712123,0.08323456421,2.658921381,2.658921381,1,0.00742832137,0.00742832137,1.221782586,1.221782586
69,3054580,1,10.9731259,-0.1494653208,625.9976633,0,625.9990591,635.1267358,0.001815922004,1,0.08323712123,0.08323520346,2.658921381,2.658921381,1,0.00742832137,0.00742832137,1.221782586,1.221782586
70,3089723,1,10.9731259,-0.1494653208,625.9976633,0,625.9990591,635.1267358,0.001815922004,1,0.08323712123,0.0832356829,2.658921381,2.658921381,1,0.00742832137,0.00742832137,1.221782586,1.221782586
71,3126226,1,10.9731259,-0.1494653208,625.9976633,0,625.9990591,635.1267358,0.001815922004,1,0.08323712123,0.08323604249,2.658921381,2.658921381,1,0.00742832137,0.00742832137,1.221782586,1.221782586
72,3175569,1,10.9731259,-0.1494653208,625.9976633,0,625.9990591,635.1267358,0.001815922004,1,0.08323712123,0.08323631217,2.658921381,2.658921381,1,0.00742832137,0.00742832137,1.221782586,1.221782586
73,3211199,1,10.9731259,-0.1494653208,625.9976633,0,625.9990591,635.1267358,0.001815922004,1,0.08323712123,0.08323651443,2.658921381,2.658921381,1,0.00742832137,0.00742832137,1.221782586,1.221782586
74,3249961,1,10.9731259,-0.1494653208,625.9976633,0,625.9990591,635.1267358,0.001815922004,1,0.08323712123,0.08323666613,2.658921381,2.658921381,1,0.00742832137,0.00742832137,1.221782586,1.221782586
75,3284781,1,10.9731259,-0.1494653208,625.9976633,0,625.9990591,635.1267358,0.001815922004,1,0.08323712123,0.08323677991,2.658921381,2.658921381,1,0.00742832137,0.00742832137,1.221782586,1.221782586
76,3322725,1,10.9731259,-0.1494653208,625.9976633,0,625.9990591,635.1267358,0.001815922004,1,0.08323712123,0.08323686524,2.658921381,2.658921381,1,0.00742832137,0.00742832137,1.221782586,1.221782586
77,3358304,1,10.9731259,-0.1494653208,625.9976633,0,625.9990591,635.1267358,0.001815922004,1,0.08325137904,0.08324049369,2.658921381,2.658921381,1,0.00742832137,0.00742832137,1.221782586,1.221782586
78,3395188,1,10.9731259,-0.1494653208,625.9976633,0,625.9990591,635.1267358,0.001815922004,1,0.08325137904,0.08324321503,2.658921381,2.658921381,1,0.00742832137,0.00742832137,1.221782586,1.221782586
79,3430158,1,10.9731259,-0.1494653208,625.9976633,0,625.9990591,635.1267358,0.001815922004,1,0.08325137904,0.08324525603,2.658921381,2.658921381,1,0.00742832137,0.00742832137,1.221782586,1.221782586
80,3465892,1,10.9731259,-0.1494653208,625.9976633,0,625.9990591,635.1267358,0.001815922004,1,0.08325137904,0.08324678678,2.658921381,2.658921381,1,0.00742832137,0.00742832137,1.221782586,1.221782586
81,3502034,1,10.9731259,-0.1494653208,625.9976633,0,625.9990591,635.1267358,0.001815922004,1,0.08325137904,0.08324793485,2.658921381,2.658921381,1,0.00742832137,0.00742832137,1.221782586,1.221782586
82,3542498,1,10.9731259,-0.1494653208,625.9976633,0,625.9990591,635.1267358,0.001815922004,1,0.08325137904,0.0832487959,2.658921381,2.658921381,1,0.00742832137,0.00742832137,1.221782586,1.221782586
83,3589813,1,10.9731259,-0.1494653208,625.9976633,0,625.9990591,635.1267358,0.001815922004,1,0.08325137904,0.08324944168,2.658921381,2.658921381,1,0.00742832137,0.00742832137,1.221782586,1.221782586
84,3627982,1,10.9731259,-0.1494653208,625.9976633,0,625.9990591,635.1267358,0.001815922004,1,0.08325137904,0.08324992602,2.658921381,2.658921381,1,0.00742832137,0.00742832137,1.221782586,1.221782586
85,3662759,1,10.9731259,-0.1494653208,625.9976633,0,625.9990591,635.1267358,0.001815922004,1,0.08325137904,0.08325028928,2.658921381,2.658921381,1,0.00742832137,0.00742832137,1.221782586,1.221782586
86,3700116,1,10.9731259,-0.1494653208,625.9976633,0,625.9990591,635.1267358,0.001815922004,1,0.08325137904,0.08325056172,2.658921381,2.658921381,1,0.00742832137,0.00742832137,1.221782586,1.221782586
87,3738547,1,10.9731259,-0.1494653208,625.9976633,0,625.9990591,635.1267358,0.001815922004,1,0.08325137904,0.08325076605,2.658921381,2.658921381,1,0.00742832137,0.00742832137,1.221782586,1.221782586
88,3771988,1,10.9731259,-0.1494653208,625.9976633,0,625.9990591,635.1267358,0.001815922004,1,0.08325137904,0.0832509193,2.658921381,2.658921381,1,0.00742832137,0.00742832137,1.221782586,1.221782586
89,3811141,1,10.9731259,-0.1494653208,625.9976633,0,625.9990591,635.1267358,0.001815922004,1,0.08325137904,0.08325103423,2.658921381,2.658921381,1,0.00742832137,0.00742832137,1.221782586,1.221782586
90,3842755,1,10.9731259,-0.1494653208,625.9976633,0,625.9990591,635.1267358,0.001815922004,1,0.08326563686,0.08325468489,2.658921381,2.658921381,1,0.00742832137,0.00742832137,1.221782586,1.221782586
91,3879969,1,10.9731259,-0.1494653208,625.9976633,0,625.9990591,635.1267358,0.001815922004,1,0.08326563686,0.08325742288,2.658921381,2.658921381,1,0.00742832137,0.00742832137,1.221782586,1.221782586
92,3922555,1,10.9731259,-0.1494653208,625.9976633,0,625.9990591,635.1267358,0.001815922004,1,0.08326563686,0.08325947637,2.658921381,2.658921381,1,0.00742832137,0.00742832137,1.221782586,1.221782586
93,3958730,1,10.9731259,-0.1494653208,625.9976633,0,625.9990591,635.1267358,0.001815922004,1,0.08326563686,0.08326101649,2.658921381,2.658921381,1,0.00742832137,0.00742832137,1.221782586,1.221782586
94,3992434,1,10.9731259,-0.1494653208,625.9976633,0,625.9990591,635.1267358,0.001815922004,1,0.08326563686,0.08326217159,2.658921381,2.658921381,1,0.00742832137,0.00742832137,1.221782586,1.221782586
95,4030965,1,10.9731259,-0.1494653208,625.9976633,0,625.9990591,635.1267358,0.001815922004,1,0.08326563686,0.0832630379,2.658921381,2.658921381,1,0.00742832137,0.00742832137,1.221782586,1.221782586
96,4069834,1,10.9731259,-0.1494653208,625.9976633,0,625.9990591,635.1267358,0.001815922004,1,0.08326563686,0.08326368764,2.658921381,2.658921381,1,0.00742832137,0.00742832137,1.221782586,1.221782586
97,4111983,1,10.9731259,-0.1494653208,625.9976633,0,625.9990591,635.1267358,0.001815922004,1,0.08326563686,0.08326417494,2.658921381,2.658921381,1,0.00742832137,0.00742832137,1.221782586,1.221782586
98,4149659,1,10.9731259,-0.1494653208,625.9976633,0,625.9990591,635.1267358,0.001815922004,1,0.08326563686,0.08326454042,2.658921381,2.658921381,1,0.00742832137,0.00742832137,1.221782586,1.221782586
99,4189324,1,10.9731259,-0.1494653208,625.9976633,0,625.9990591,635.1267358,0.001815922004,1,0.08326563686,0.08326481453,2.658921381,2.658921381,1,0.00742832137,0.00742832137,1.221782586,1.221782586
100,4226644,1,10.9731259,-0.1494653208,625.9976633,0,625.9990591,635.1267358,0.001815922004,1,0.08326563686,0.08326502011,2.658921381,2.658921381,1,0.00742832137,0.00742832137,1.221782586,1.221782586
101,4262424,1,10.9731259,-0.1494653208,625.9976633,0,625.9990591,635.1267358,0.001815922004,1,0.08326563686,0.0832651743,2.658921381,2.658921381,1,0.00742832137,0.00742832137,1.221782586,1.221782586
102,4302631,1,10.9731259,-0.1494653208,625.9976633,0,625.9990591,635.1267358,0.001815922004,1,0.08326563686,0.08326528994,2.658921381,2.658921381,1,0.00742832137,0.00742832137,1.221782586,1.221782586
103,4345429,1,10.9731259,-0.1494653208,625.9976633,0,625.9990591,635.1267358,0.001815922004,1,0.08326563686,0.08326537667,2.658921381,2.658921381,1,0.00742832137,0.00742832137,1.221782586,1.221782586
104,4383898,1,10.9731259,-0.1494653208,625.9976633,0,625.9990591,635.1267358,0.001815922004,1,0.08326563686,0.08326544171,2.658921381,2.658921381,1,0.00742832137,0.00742832137,1.221782586,1.221782586
105,4422129,1,10.9731259,-0.1494653208,625.9976633,0,625.9990591,635.1267358,0.001815922004,1,0.08326563686,0.0832654905,2.658921381,2.658921381,1,0.00742832137,0.00742832137,1.221782586,1.221782586
106,4456328,1,10.9731259,-0.1494653208,625.9976633,0,625.9990591,635.1267358,0.001815922004,1,0.08326563686,0.08326552709,2.658921381,2.658921381,1,0.00742832137,0.00742832137,1.221782586,1.221782586
107,4492769,1,10.9731259,-0.1494653208,625.9976633,0,625.9990591,635.1267358,0.001815922004,1,0.08327989467,0.08326911898,2.658921381,2.658921381,1,0.00742832137,0.00742832137,1.221782586,1.221782586
108,4529281,1,10.9731259,-0.1494653208,625.9976633,0,625.9990591,635.1267358,0.001815922004,1,0.08327989467,0.08327181291,2.658921381,2.658921381,1,0.00742832137,0.00742832137,1.221782586,1.221782586
109,4561337,1,10.9731259,-0.1494653208,625.9976633,0,625.9990591,635.1267358,0.001815922004,1,0.08327989467,0.08327383335,2.658921381,2.658921381,1,0.00742832137,0.00742832137,1.221782586,1.221782586
110,4603251,1,10.9731259,-0.1494653208,625.9976633,0,625.9990591,635.1267358,0.001815922004,1,0.08327989467,0.08327534868,2.658921381,2.658921381,1,0.00742832137,0.00742832137,1.221782586,1.221782586
111,4642367,1,10.9731259,-0.1494653208,625.9976633,0,625.9990591,635.1267358,0.001815922004,1,0.08327989467,0.08327648518,2.658921381,2.658921381,1,0.00742832137,0.00742832137,1.221782586,1.221782586
112,4683600,1,10.9731259,-0.1494653208,625.9976633,0,625.9990591,635.1267358,0.001815922004,1,0.08327989467,0.08327733755,2.658921381,2.658921381,1,0.00742832137,0.00742832137,1.221782586,1.221782586
113,4726313,1,10.9731259,-0.1494653208,625.9976633,0,625.9990591,635.1267358,0.001815922004,1,0.08327989467,0.08327797683,2.658921381,2.658921381,1,0.00742832137,0.00742832137,1.221782586,1.221782586
114,4765223,1,10.9731259,-0.1494653208,625.9976633,0,625.9990591,635.1267358,0.001815922004,1,0.08327989467,0.08327845629,2.658921381,2.658921381,1,0.00742832137,0.00742832137,1.221782586,1.221782586
115,4808710,1,10.9731259,-0.1494653208,625.9976633,0,625.9990591,635.1267358,0.001815922004,1,0.08327989467,0.08327881589,2.658921381,2.658921381,1,0.00742832137,0.00742832137,1.221782586,1.221782586
116,4852553,1,10.9731259,-0.1494653208,625.9976633,0,625.9990591,635.1267358,0.001815922004,1,0.08327989467,0.08327908558,2.658921381,2.658921381,1,0.00742832137,0.00742832137,1.221782586,1.221782586
117,4903348,1,10.9731259,-0.1494653208,625.9976633,0,625.9990591,635.1267358,0.001815922004,1,0.08327989467,0.08327928785,2.658921381,2.658921381,1,0.00742832137,0.00742832137,1.221782586,1.221782586
118,4948241,1,10.9731259,-0.1494653208,625.9976633,0,625.9990591,635.1267358,0.001815922004,1,0.08327989467,0.08327943956,2.658921381,2.658921381,1,0.00742832137,0.00742832137,1.221782586,1.221782586
119,4991343,1,10.9731259,-0.1494653208,625.9976633,0,625.9990591,635.1267358,0.001815922004,1,0.08327989467,0.08327955334,2.658921381,2.658921381,1,0.00742832137,0.00742832137,1.221782586,1.221782586
120,5035688,1,10.9731259,-0.1494653208,625.9976633,0,625.9990591,635.1267358,0.001815922004,1,0.08327989467,0.08327963867,2.658921381,2.658921381,1,0.00742832137,0.00742832137,1.221782586,1.221782586
121,5076560,1,10.9731259,-0.1494653208,625.9976633,0,625.9990591,635.1267358,0.001815922004,1,0.08327989467,0.08327970267,2.658921381,2.658921381,1,0.00742832137,0.00742832137,1.221782586,1.221782586
122,5130991,1,10.9731259,-0.1494653208,625.9976633,0,625.9990591,635.1267358,0.001815922004,1,0.08329415248,0.08328331512,2.658921381,2.658921381,1,0.00742832137,0.00742832137,1.221782586,1.221782586
123,5184755,1,10.9731259,-0.1494653208,625.9976633,0,625.9990591,635.1267358,0.001815922004,1,0.08329415248,0.08328602446,2.658921381,2.658921381,1,0.00742832137,0.00742832137,1.221782586,1.221782586
124,5224711,1,10.9731259,-0.1494653208,625.9976633,0,625.9990591,635.1267358,0.001815922004,1,0.08329415248,0.08328805647,2.658921381,2.658921381,1,0.00742832137,0.00742832137,1.221782586,1.221782586
125,5269796,1,10.9731259,-0.1494653208,625.9976633,0,625.9990591,635.1267358,0.001815922004,1,0.08329415248,0.08328958047,2.658921381,2.658921381,1,0.00742832137,0.00742832137,1.221782586,1.221782586
126,5311533,1,10.9731259,-0.1494653208,625.9976633,0,625.9990591,635.1267358,0.001815922004,1,0.08329415248,0.08329072348,2.658921381,2.658921381,1,0.00742832137,0.00742832137,1.221782586,1.221782586
127,5358478,1,10.9731259,-0.1494653208,625.9976633,0,625.9990591,635.1267358,0.001815922004,1,0.08329415248,0.08329158073,2.658921381,2.658921381,1,0.00742832137,0.00742832137,1.221782586,1.221782586
128,5404647,1,10.9731259,-0.1494653208,625.9976633,0,625.9990591,635.1267358,0.001815922004,1,0.08329415248,0.08329222367,2.658921381,2.658921381,1,0.00742832137,0.00742832137,1.221782586,1.221782586
129,5448758,1,10.9731259,-0.1494653208,625.9976633,0,625.9990591,635.1267358,0.001815922004,1,0.08329415248,0.08329270587,2.658921381,2.658921381,1,0.00742832137,0.00742832137,1.221782586,1.221782586
130,5491321,1,10.9731259,-0.1494653208,625.9976633,0,625.9990591,635.1267358,0.001815922004,1,0.08329415248,0.08329306753,2.658921381,2.658921381,1,0.00742832137,0.00742832137,1.221782586,1.221782586
131,5532728,1,10.9731259,-0.1494653208,625.9976633,0,625.9990591,635.1267358,0.001815922004,1,0.08329415248,0.08329333877,2.658921381,2.658921381,1,0.00742832137,0.00742832137,1.221782586,1.221782586
132,5585338,1,10.9731259,-0.1494653208,625.9976633,0,625.9990591,635.1267358,0.001815922004,1,0.08329415248,0.0832935422,2.658921381,2.658921381,1,0.00742832137,0.00742832137,1.221782586,1.221782586
133,5629092,1,10.9731259,-0.1494653208,625.9976633,0,625.9990591,635.1267358,0.001815922004,1,0.08329415248,0.08329369477,2.658921381,2.658921381,1,0.00742832137,0.00742832137,1.221782586,1.221782586
134,5676004,1,10.9731259,-0.1494653208,625.9976633,0,625.9990591,635.1267358,0.001815922004,1,0.08330532817,0.08329660312,2.658921381,2.658921381,1,0.00742832137,0.00742832137,1.221782586,1.221782586
135,5719028,1,10.9731259,-0.1494653208,625.9976633,0,625.9990591,635.1267358,0.001815922004,1,0.0833084103,0.08329955491,2.658921381,2.658921381,1,0.00742832137,0.00742832137,1.221782586,1.221782586
