timestamp,ft_1_value,fn_1_value,fn_2_value,ft_2_value,mode_code,reverse_code,push_pull_code,rot_sign_code,axis1_pos_rel
2026-04-10 09:44:07.225,0.000000,0.000000,0,0,0,0,0,0,-81.140832
2026-04-10 09:44:07.265,0.000000,0.000000,0,0,0,0,0,0,-81.140832
2026-04-10 09:44:07.307,0.000000,0.000000,0,0,0,0,0,0,-81.140832
2026-04-10 09:44:07.343,0.000000,0.000000,0,0,0,0,0,0,-81.140832
2026-04-10 09:44:07.369,0.000000,0.000000,0,0,0,0,0,0,-81.140832
2026-04-10 09:44:07.395,0.000000,0.000000,0,0,0,0,0,0,-81.140832
2026-04-10 09:44:07.421,0.000000,0.000000,0,0,0,0,0,0,-81.140832
2026-04-10 09:44:07.457,0.000000,0.000000,0,0,0,0,0,0,-81.140832
2026-04-10 09:44:07.483,0.000000,0.000000,0,0,0,0,0,0,-81.140832
2026-04-10 09:44:07.509,0.000000,0.000000,0,0,0,0,0,0,-81.140832
2026-04-10 09:44:07.534,0.000000,0.000000,0,0,0,0,0,0,-81.140832
2026-04-10 09:44:07.563,0.000000,0.000000,0,0,0,0,0,0,-81.140832
2026-04-10 09:44:07.605,0.000000,0.000000,0,0,0,0,0,0,-81.140832
2026-04-10 09:44:07.644,0.000000,0.000000,0,0,0,0,0,0,-81.140832
2026-04-10 09:44:07.683,0.000000,0.000000,0,0,0,0,0,0,-81.140832
2026-04-10 09:44:07.717,0.000000,0.000000,0,0,0,0,0,0,-81.140832
2026-04-10 09:44:07.743,0.000000,0.000000,0,0,0,0,0,0,-81.140832
2026-04-10 09:44:07.779,0.000000,0.000000,0,0,0,0,0,0,-81.140832
2026-04-10 09:44:07.805,0.000000,0.000000,0,0,0,0,0,0,-81.140832
2026-04-10 09:44:07.831,0.000000,0.000000,0,0,0,0,0,0,-81.140832
2026-04-10 09:44:07.857,0.000000,0.000000,0,0,0,0,0,0,-81.140832
2026-04-10 09:44:07.883,0.000000,0.000000,0,0,0,0,0,0,-81.140832
2026-04-10 09:44:07.910,0.000000,0.000000,0,0,0,0,0,0,-81.140832
2026-04-10 09:44:07.940,0.000000,0.000000,0,0,0,0,0,0,-81.140832
2026-04-10 09:44:07.979,0.000000,0.000000,0,0,0,0,0,0,-81.140832
2026-04-10 09:44:08.018,0.000000,0.000000,0,0,0,0,0,0,-81.140832
2026-04-10 09:44:08.057,0.000000,0.000000,0,0,0,0,0,0,-81.140832
2026-04-10 09:44:08.092,0.000000,0.000000,0,0,0,0,0,0,-81.140832
2026-04-10 09:44:08.118,0.000000,0.000000,0,0,0,0,0,0,-81.140832
2026-04-10 09:44:08.144,0.000000,0.000000,0,0,0,0,0,0,-81.140832
2026-04-10 09:44:08.170,0.000000,0.000000,0,0,0,0,0,0,-81.140832
2026-04-10 09:44:08.196,0.000000,0.000000,0,0,0,0,0,0,-81.140832
2026-04-10 09:44:08.224,0.000000,0.000000,0,0,0,0,0,0,-81.140832
2026-04-10 09:44:08.250,0.000000,0.000000,0,0,0,0,0,0,-81.140832
2026-04-10 09:44:08.275,0.000000,0.000000,0,0,0,0,0,0,-81.140832
2026-04-10 09:44:08.303,0.000000,0.000000,0,0,0,0,0,0,-81.140832
2026-04-10 09:44:08.342,0.000000,0.000000,0,0,0,0,0,0,-81.140832
2026-04-10 09:44:08.396,0.000000,0.000000,0,0,0,0,0,0,-81.140832
2026-04-10 09:44:08.435,0.000000,0.000000,0,0,0,0,0,0,-81.140832
2026-04-10 09:44:08.464,0.000000,0.000000,0,0,0,0,0,0,-81.140832
2026-04-10 09:44:08.490,0.000000,0.000000,0,0,0,0,0,0,-81.140832
2026-04-10 09:44:08.516,0.000000,0.000000,0,0,0,0,0,0,-81.140832
2026-04-10 09:44:08.544,0.000000,0.000000,0,0,0,0,0,0,-81.140832
2026-04-10 09:44:08.570,0.000000,0.000000,0,0,0,0,0,0,-81.140832
2026-04-10 09:44:08.596,0.000000,0.000000,0,0,0,0,0,0,-81.140832
2026-04-10 09:44:08.622,0.000000,0.000000,0,0,0,0,0,0,-81.140832
2026-04-10 09:44:08.648,0.000000,0.000000,0,0,0,0,0,0,-81.140832
2026-04-10 09:44:08.683,0.000000,0.000000,0,0,0,0,0,0,-81.140832
2026-04-10 09:44:08.722,0.000000,0.000000,0,0,0,0,0,0,-81.140832
2026-04-10 09:44:08.761,0.000000,0.000000,0,0,0,0,0,0,-81.140832
2026-04-10 09:44:08.800,0.000000,0.000000,0,0,0,0,0,0,-81.140832
2026-04-10 09:44:08.829,0.000000,0.000000,0,0,0,0,0,0,-81.140832
2026-04-10 09:44:08.858,0.000000,0.000000,0,0,0,0,0,0,-81.140832
2026-04-10 09:44:08.890,0.000000,0.000000,0,0,0,0,0,0,-81.140832
2026-04-10 09:44:08.929,0.000000,0.000000,0,0,0,0,0,0,-81.140832
2026-04-10 09:44:08.968,0.000000,0.000000,0,0,0,0,0,0,-81.140832
2026-04-10 09:44:09.007,0.000000,0.000000,0,0,0,0,0,0,-81.140832
2026-04-10 09:44:09.067,0.000000,0.000000,0,0,0,0,0,0,-81.140832
2026-04-10 09:44:09.106,0.000000,0.000000,0,0,0,0,0,0,-81.140832
2026-04-10 09:44:09.145,0.000000,0.000000,0,0,0,0,0,0,-81.140832
2026-04-10 09:44:09.183,0.000000,0.000000,0,0,0,0,0,0,-81.140832
2026-04-10 09:44:09.210,0.000000,0.000000,0,0,0,0,0,0,-81.140832
2026-04-10 09:44:09.252,0.000000,0.000000,0,0,0,0,0,0,-81.140832
2026-04-10 09:44:09.291,0.000000,0.000000,0,0,0,0,0,0,-81.140832
2026-04-10 09:44:09.330,0.000000,0.000000,0,0,0,0,0,0,-81.140832
2026-04-10 09:44:09.369,0.000000,0.000000,0,0,0,0,0,0,-81.140832
2026-04-10 09:44:09.408,0.000000,0.000000,0,0,0,0,0,0,-81.140832
2026-04-10 09:44:09.453,0.000000,0.000000,0,0,0,0,0,0,-81.140832
2026-04-10 09:44:09.492,0.000000,0.000000,0,0,0,0,0,0,-81.140832
2026-04-10 09:44:09.531,0.000000,0.000000,0,0,0,0,0,0,-81.140832
2026-04-10 09:44:09.564,0.000000,0.000000,0,0,0,0,0,0,-81.140832
2026-04-10 09:44:09.594,0.000000,0.000000,0,0,0,0,0,0,-81.140832
2026-04-10 09:44:09.636,0.000000,0.000000,0,0,0,0,0,0,-81.140832
2026-04-10 09:44:09.675,0.000000,0.000000,0,0,0,0,0,0,-81.140832
2026-04-10 09:44:09.714,0.000000,0.000000,0,0,0,0,0,0,-81.140832
2026-04-10 09:44:09.753,0.000000,0.000000,0,0,0,0,0,0,-81.140832
2026-04-10 09:44:09.791,0.000000,0.000000,0,0,0,0,0,0,-81.140832
2026-04-10 09:44:09.845,0.000000,0.000000,0,0,0,0,0,0,-81.140832
2026-04-10 09:44:09.884,0.000000,0.000000,0,0,0,0,0,0,-81.140832
2026-04-10 09:44:09.922,0.000000,0.000000,0,0,0,0,0,0,-81.140832
2026-04-10 09:44:09.950,0.000000,0.000000,0,0,0,0,0,0,-81.140832
2026-04-10 09:44:09.987,0.000000,0.000000,0,0,0,0,0,0,-81.140832
2026-04-10 09:44:10.029,0.000000,0.000000,0,0,0,0,0,0,-81.140832
2026-04-10 09:44:10.068,0.000000,0.000000,0,0,0,0,0,0,-81.140832
2026-04-10 09:44:10.107,0.000000,0.000000,0,0,0,0,0,0,-81.140832
2026-04-10 09:44:10.145,0.000000,0.000000,0,0,0,0,0,0,-81.140832
2026-04-10 09:44:10.184,0.000000,0.000000,0,0,0,0,-1,-1,-81.172005
2026-04-10 09:44:10.229,0.000000,0.000000,0,0,0,0,-1,-1,-81.319499
2026-04-10 09:44:10.268,0.000000,0.000000,0,0,0,0,-1,-1,-81.507316
2026-04-10 09:44:10.300,0.000000,0.000000,0,0,0,0,-1,-1,-81.644418
2026-04-10 09:44:10.330,0.000000,0.000000,0,0,0,0,-1,-1,-81.763219
2026-04-10 09:44:10.369,0.000000,0.000000,0,0,0,0,-1,-1,-81.885122
2026-04-10 09:44:10.411,0.000000,0.000000,0,0,0,0,-1,-1,-81.965770
2026-04-10 09:44:10.450,0.000000,0.000000,0,0,0,0,-1,-1,-82.021138
2026-04-10 09:44:10.489,0.000000,0.000000,0,0,0,0,-1,-1,-82.107370
2026-04-10 09:44:10.527,0.000000,0.000000,0,0,0,0,-1,-1,-82.305113
2026-04-10 09:44:10.567,0.000000,0.000000,0,0,0,0,-1,-1,-82.577456
2026-04-10 09:44:10.621,0.000000,0.000000,0,0,0,0,-1,-1,-82.889193
2026-04-10 09:44:10.659,0.000000,0.000000,0,0,0,0,-1,-1,-83.060570
2026-04-10 09:44:10.688,0.000000,0.000000,0,0,0,0,-1,-1,-83.186506
2026-04-10 09:44:10.726,0.000000,0.000000,0,0,0,0,-1,-1,-83.352300
2026-04-10 09:44:10.765,0.000000,0.000000,0,0,0,0,-1,-1,-83.484439
2026-04-10 09:44:10.807,0.000000,0.000000,0,0,0,0,-1,-1,-83.694745
2026-04-10 09:44:10.846,0.000000,0.000000,0,0,0,0,-1,-1,-84.060143
2026-04-10 09:44:10.884,0.000000,0.000000,0,0,0,0,-1,-1,-84.568383
2026-04-10 09:44:10.923,0.000000,0.000000,0,0,0,0,-1,-1,-85.138659
2026-04-10 09:44:10.962,0.000000,0.000000,0,0,0,0,-1,-1,-85.775005
2026-04-10 09:44:11.013,0.000000,0.000000,0,0,0,0,-1,-1,-86.507353
2026-04-10 09:44:11.043,0.000000,0.000000,0,0,0,0,-1,-1,-87.099962
2026-04-10 09:44:11.071,0.000000,0.000000,0,0,0,0,-1,-1,-87.870774
2026-04-10 09:44:11.110,0.000000,0.000000,0,0,0,0,-1,-1,-89.026680
2026-04-10 09:44:11.149,0.000000,0.000000,0,0,0,0,-1,-1,-89.976779
2026-04-10 09:44:11.191,0.000000,0.000000,0,0,0,0,-1,-1,-90.919898
2026-04-10 09:44:11.230,0.000000,0.000000,0,0,0,0,-1,-1,-91.858985
2026-04-10 09:44:11.268,0.000000,0.000000,0,0,0,0,-1,-1,-92.621576
2026-04-10 09:44:11.308,0.000000,0.000000,0,0,0,0,-1,-1,-92.932072
2026-04-10 09:44:11.347,0.000000,0.000000,0,0,0,0,-1,-1,-92.986355
2026-04-10 09:44:11.398,0.000000,0.000000,0,0,0,0,-1,-1,-92.965572
2026-04-10 09:44:11.426,0.000000,0.000000,0,0,0,0,-1,-1,-92.942618
2026-04-10 09:44:11.462,0.000000,0.000000,0,0,0,0,-1,-1,-92.942153
2026-04-10 09:44:11.501,0.000000,0.000000,0,0,0,0,-1,-1,-92.941843
2026-04-10 09:44:11.540,0.000000,0.000000,0,0,0,0,-1,-1,-92.941533
2026-04-10 09:44:11.582,0.000000,0.000000,0,0,0,0,-1,-1,-92.941223
2026-04-10 09:44:11.734,0.000000,0.000000,0,0,0,0,-1,-1,-86.901599
2026-04-10 09:44:11.790,0.000000,0.000000,0,0,0,0,1,1,-80.501074
2026-04-10 09:44:11.848,0.000000,0.000000,0,0,0,0,1,1,-78.035253
2026-04-10 09:44:11.898,0.000000,0.000000,0,0,0,0,1,1,-77.993223
2026-04-10 09:44:11.944,0.000000,0.000000,0,0,0,0,1,1,-77.978800
2026-04-10 09:44:12.000,0.000000,0.000000,0,0,0,0,1,1,-77.986244
2026-04-10 09:44:12.039,0.000000,0.000000,0,0,0,0,1,1,-77.990432
2026-04-10 09:44:12.078,0.000000,0.000000,0,0,0,0,1,1,-77.993223
2026-04-10 09:44:12.117,0.000000,0.000000,0,0,0,0,1,1,-77.995239
2026-04-10 09:44:12.152,0.000000,0.000000,0,0,0,0,1,1,-77.996480
2026-04-10 09:44:12.178,0.000000,0.000000,0,0,0,0,1,1,-77.997256
2026-04-10 09:44:12.204,0.000000,0.000000,0,0,0,0,1,1,-77.997876
2026-04-10 09:44:12.275,0.000000,0.000000,0,0,0,0,1,1,-77.998186
2026-04-10 09:44:12.301,0.000000,0.000000,0,0,0,0,-1,0,-78.049832
2026-04-10 09:44:12.339,0.000000,0.000000,0,0,0,0,-1,0,-78.064256
2026-04-10 09:44:12.378,0.000000,0.000000,0,0,0,0,-1,0,-78.096670
2026-04-10 09:44:12.417,0.000000,0.000000,0,0,0,0,-1,0,-78.125362
2026-04-10 09:44:12.456,0.000000,0.000000,0,0,0,0,-1,0,-78.157001
2026-04-10 09:44:12.495,0.000000,0.000000,0,0,0,0,-1,0,-78.252538
2026-04-10 09:44:12.528,0.000000,0.000000,0,0,0,0,-1,0,-78.379714
2026-04-10 09:44:12.554,0.000000,0.000000,0,0,0,0,-1,0,-78.556675
2026-04-10 09:44:12.580,0.000000,0.000000,0,0,0,0,-1,0,-78.771479
2026-04-10 09:44:12.606,0.000000,0.000000,0,0,0,0,-1,1,-78.987523
2026-04-10 09:44:12.632,0.000000,0.000000,0,0,0,0,-1,1,-79.217526
2026-04-10 09:44:12.662,0.000000,0.000000,0,0,0,0,-1,1,-79.498709
2026-04-10 09:44:12.688,0.000000,0.000000,0,0,0,0,-1,1,-79.820837
2026-04-10 09:44:12.719,0.000000,0.000000,0,0,0,0,-1,1,-80.285030
2026-04-10 09:44:12.757,0.000000,0.000000,0,0,0,0,-1,0,-80.897956
2026-04-10 09:44:12.797,0.000000,0.000000,0,0,0,0,-1,0,-81.475677
2026-04-10 09:44:12.839,0.000000,0.000000,0,0,0,0,-1,0,-82.097909
2026-04-10 09:44:12.876,0.000000,0.000000,0,0,0,0,-1,0,-82.754107
2026-04-10 09:44:12.902,0.000000,0.000000,0,0,0,0,-1,0,-83.270876
2026-04-10 09:44:12.928,0.000000,0.000000,0,0,0,0,-1,0,-83.889386
2026-04-10 09:44:12.954,0.000000,0.000000,0,0,0,0,-1,0,-84.533642
2026-04-10 09:44:12.994,0.000000,0.000000,0,0,0,0,-1,0,-85.370988
2026-04-10 09:44:13.020,0.000000,0.000000,0,0,0,0,-1,0,-85.906988
2026-04-10 09:44:13.046,0.000000,0.000000,0,0,0,0,-1,0,-86.555897
2026-04-10 09:44:13.073,0.000000,0.000000,0,0,0,0,-1,0,-87.258932
2026-04-10 09:44:13.111,0.000000,0.000000,0,0,0,0,-1,0,-88.275256
2026-04-10 09:44:13.153,0.000000,0.000000,0,0,0,0,-1,0,-89.238072
2026-04-10 09:44:13.192,0.000000,0.000000,0,0,0,0,-1,0,-90.189411
2026-04-10 09:44:13.231,0.000000,0.000000,0,0,0,0,-1,0,-91.228067
2026-04-10 09:44:13.261,0.000000,0.000000,0,0,0,0,-1,-1,-92.043080
2026-04-10 09:44:13.287,0.000000,0.000000,0,0,0,0,-1,-1,-92.650734
2026-04-10 09:44:13.317,0.000000,0.000000,0,0,0,0,-1,-1,-92.906016
2026-04-10 09:44:13.343,0.000000,0.000000,0,0,0,0,-1,0,-92.969760
2026-04-10 09:44:13.369,0.000000,0.000000,0,0,0,0,-1,0,-92.968674
2026-04-10 09:44:13.395,0.000000,0.000000,0,0,0,0,-1,0,-92.914547
2026-04-10 09:44:13.421,0.000000,0.000000,0,0,0,0,-1,0,-92.914391
2026-04-10 09:44:13.455,0.000000,0.000000,0,0,0,0,-1,0,-92.914236
2026-04-10 09:44:13.494,0.000000,0.000000,0,0,0,0,-1,0,-92.914236
2026-04-10 09:44:13.533,0.000000,0.000000,0,0,0,0,-1,0,-92.914081
2026-04-10 09:44:13.572,0.000000,0.000000,0,0,0,0,-1,-1,-92.914081
2026-04-10 09:44:13.654,0.000000,0.000000,0,0,0,0,-1,-1,-92.104962
2026-04-10 09:44:13.706,0.000000,0.000000,0,0,0,0,-1,-1,-87.367963
2026-04-10 09:44:13.748,0.000000,0.000000,0,0,0,0,-1,0,-82.239819
2026-04-10 09:44:13.790,0.000000,0.000000,0,0,0,0,-1,0,-78.753333
2026-04-10 09:44:13.837,0.000000,0.000000,0,0,0,0,1,0,-78.009353
2026-04-10 09:44:13.900,0.000000,0.000000,0,0,0,0,1,0,-77.973681
2026-04-10 09:44:13.972,0.000000,0.000000,0,0,0,0,1,0,-77.986089
2026-04-10 09:44:14.001,0.000000,0.000000,0,0,0,0,1,0,-77.989346
2026-04-10 09:44:14.027,0.000000,0.000000,0,0,0,0,1,1,-77.991517
2026-04-10 09:44:14.053,0.000000,0.000000,0,0,0,0,1,1,-77.993378
2026-04-10 09:44:14.079,0.000000,0.000000,0,0,0,0,1,1,-77.994774
2026-04-10 09:44:14.109,0.000000,0.000000,0,0,0,0,1,1,-77.996015
2026-04-10 09:44:14.135,0.000000,0.000000,0,0,0,0,1,1,-77.996790
2026-04-10 09:44:14.217,0.000000,0.000000,0,0,0,0,1,1,-77.996945
2026-04-10 09:44:14.255,0.000000,0.000000,0,0,0,0,1,0,-77.999737
2026-04-10 09:44:14.295,0.000000,0.000000,0,0,0,0,1,0,-77.999737
2026-04-10 09:44:14.337,0.000000,0.000000,0,0,0,0,1,0,-77.999737
2026-04-10 09:44:14.366,0.000000,0.000000,0,0,0,0,0,0,-77.999737
2026-04-10 09:44:14.392,0.000000,0.000000,0,0,0,0,-1,0,-78.052003
2026-04-10 09:44:14.418,0.000000,0.000000,0,0,0,0,-1,0,-78.239976
2026-04-10 09:44:14.444,0.000000,0.000000,0,0,0,0,-1,0,-78.552643
2026-04-10 09:44:14.480,0.000000,0.000000,0,0,0,0,-1,0,-79.081975
2026-04-10 09:44:14.506,0.000000,0.000000,0,0,0,0,-1,0,-79.514218
2026-04-10 09:44:14.532,0.000000,0.000000,0,0,0,0,-1,0,-80.037501
2026-04-10 09:44:14.561,0.000000,0.000000,0,0,0,0,-1,0,-80.606227
2026-04-10 09:44:14.600,0.000000,0.000000,0,0,0,0,-1,0,-81.321515
2026-04-10 09:44:14.641,0.000000,0.000000,0,0,0,0,-1,0,-81.944212
2026-04-10 09:44:14.680,0.000000,0.000000,0,0,0,0,-1,0,-82.596067
2026-04-10 09:44:14.717,0.000000,0.000000,0,0,0,0,-1,0,-83.278476
2026-04-10 09:44:14.744,0.000000,0.000000,0,0,0,0,-1,0,-83.827194
2026-04-10 09:44:14.770,0.000000,0.000000,0,0,0,0,-1,0,-84.522010
2026-04-10 09:44:14.804,0.000000,0.000000,0,0,0,0,-1,0,-85.373004
2026-04-10 09:44:14.830,0.000000,0.000000,0,0,0,0,-1,0,-86.120861
2026-04-10 09:44:14.856,0.000000,0.000000,0,0,0,0,-1,0,-86.942698
2026-04-10 09:44:14.887,0.000000,0.000000,0,0,0,0,-1,0,-87.892176
2026-04-10 09:44:14.926,0.000000,0.000000,0,0,0,0,-1,-1,-88.952391
2026-04-10 09:44:14.968,0.000000,0.000000,0,0,0,0,-1,-1,-89.889927
2026-04-10 09:44:15.006,0.000000,0.000000,0,0,0,0,-1,-1,-90.856620
2026-04-10 09:44:15.045,0.000000,0.000000,0,0,0,0,-1,-1,-91.894346
2026-04-10 09:44:15.084,0.000000,0.000000,0,0,0,0,-1,-1,-92.656937
2026-04-10 09:44:15.117,0.000000,0.000000,0,0,0,0,-1,-1,-92.913771
2026-04-10 09:44:15.172,0.000000,0.000000,0,0,0,0,-1,-1,-92.990697
2026-04-10 09:44:15.211,0.000000,0.000000,0,0,0,0,-1,-1,-92.971776
2026-04-10 09:44:15.250,0.000000,0.000000,0,0,0,0,-1,-1,-92.943239
2026-04-10 09:44:15.289,0.000000,0.000000,0,0,0,0,-1,-1,-92.942929
2026-04-10 09:44:15.328,0.000000,0.000000,0,0,0,0,-1,-1,-92.942618
2026-04-10 09:44:15.370,0.000000,0.000000,0,0,0,0,-1,-1,-92.942308
2026-04-10 09:44:15.409,0.000000,0.000000,0,0,0,0,0,-1,-92.942153
2026-04-10 09:44:15.503,0.000000,0.000000,0,0,0,0,1,-1,-91.496843
2026-04-10 09:44:15.566,0.000000,0.000000,0,0,0,0,1,-1,-84.655545
2026-04-10 09:44:15.629,0.000000,0.000000,0,0,0,0,1,1,-78.716576
2026-04-10 09:44:15.698,0.000000,0.000000,0,0,0,0,1,1,-78.007647
2026-04-10 09:44:15.760,0.000000,0.000000,0,0,0,0,1,1,-77.978489
2026-04-10 09:44:15.829,0.000000,0.000000,0,0,0,0,1,1,-77.988105
2026-04-10 09:44:15.866,0.000000,0.000000,0,0,0,0,1,1,-77.991362
2026-04-10 09:44:15.905,0.000000,0.000000,0,0,0,0,1,-1,-77.993999
2026-04-10 09:44:15.947,0.000000,0.000000,0,0,0,0,1,-1,-77.995860
2026-04-10 09:44:15.986,0.000000,0.000000,0,0,0,0,1,-1,-77.997101
2026-04-10 09:44:16.076,0.000000,0.000000,0,0,0,0,1,-1,-77.997566
2026-04-10 09:44:16.115,0.000000,0.000000,0,0,0,0,0,0,-77.999737
2026-04-10 09:44:16.153,0.000000,0.000000,0,0,0,0,0,1,-77.999737
2026-04-10 09:44:16.208,0.000000,0.000000,0,0,0,0,0,1,-77.999737
2026-04-10 09:44:16.241,0.000000,0.000000,0,0,0,0,0,1,-77.999737
2026-04-10 09:44:16.280,0.000000,0.000000,0,0,0,0,0,1,-77.999737
2026-04-10 09:44:16.319,0.000000,0.000000,0,0,0,0,0,1,-77.999737
2026-04-10 09:44:16.358,0.000000,0.000000,0,0,0,0,0,1,-77.999737
2026-04-10 09:44:16.400,0.000000,0.000000,0,0,0,0,0,1,-77.999737
2026-04-10 09:44:16.439,0.000000,0.000000,0,0,0,0,0,1,-77.999737
2026-04-10 09:44:16.478,0.000000,0.000000,0,0,0,0,0,1,-77.999737
2026-04-10 09:44:16.516,0.000000,0.000000,0,0,0,0,0,1,-77.999892
2026-04-10 09:44:16.556,0.000000,0.000000,0,0,0,0,0,1,-77.999892
2026-04-10 09:44:16.596,0.000000,0.000000,0,0,0,0,0,1,-77.999892
2026-04-10 09:44:16.635,0.000000,0.000000,0,0,0,0,0,1,-77.999892
2026-04-10 09:44:16.674,0.000000,0.000000,0,0,0,0,0,1,-77.999892
2026-04-10 09:44:16.713,0.000000,0.000000,0,0,0,0,0,1,-77.999892
2026-04-10 09:44:16.752,0.000000,0.000000,0,0,0,0,0,-1,-77.999892
2026-04-10 09:44:16.794,0.000000,0.000000,0,0,0,0,0,-1,-77.999892
2026-04-10 09:44:16.833,0.000000,0.000000,0,0,0,0,0,-1,-77.999892
2026-04-10 09:44:16.872,0.000000,0.000000,0,0,0,0,0,-1,-77.999892
2026-04-10 09:44:16.912,0.000000,0.000000,0,0,0,0,0,-1,-77.999892
2026-04-10 09:44:16.950,0.000000,0.000000,0,0,0,0,0,-1,-77.999892
2026-04-10 09:44:17.011,0.000000,0.000000,0,0,0,0,0,-1,-77.999892
2026-04-10 09:44:17.050,0.000000,0.000000,0,0,0,0,0,-1,-77.999892
2026-04-10 09:44:17.089,0.000000,0.000000,0,0,0,0,0,-1,-77.999892
2026-04-10 09:44:17.128,0.000000,0.000000,0,0,0,0,0,-1,-77.999892
2026-04-10 09:44:17.167,0.000000,0.000000,0,0,0,0,0,-1,-77.999892
2026-04-10 09:44:17.209,0.000000,0.000000,0,0,0,0,0,-1,-77.999892
2026-04-10 09:44:17.248,0.000000,0.000000,0,0,0,0,0,0,-77.999892
2026-04-10 09:44:17.284,0.000000,0.000000,0,0,0,0,0,0,-77.999892
2026-04-10 09:44:17.319,0.000000,0.000000,0,0,0,0,0,1,-77.999892
2026-04-10 09:44:17.354,0.000000,0.000000,0,0,0,0,0,0,-77.999892
2026-04-10 09:44:17.397,0.000000,0.000000,0,0,0,0,0,0,-77.999892
2026-04-10 09:44:17.436,0.000000,0.000000,0,0,0,0,0,0,-77.999892
2026-04-10 09:44:17.474,0.000000,0.000000,0,0,0,0,0,-1,-77.999892
2026-04-10 09:44:17.513,0.000000,0.000000,0,0,0,0,0,-1,-77.999892
2026-04-10 09:44:17.552,0.000000,0.000000,0,0,0,0,-1,-1,-78.079920
2026-04-10 09:44:17.594,0.000000,0.000000,0,0,0,0,-1,-1,-78.316126
2026-04-10 09:44:17.634,0.000000,0.000000,0,0,0,0,-1,-1,-78.722314
2026-04-10 09:44:17.672,0.000000,0.000000,0,0,0,0,-1,-1,-79.269172
2026-04-10 09:44:17.710,0.000000,0.000000,0,0,0,0,-1,-1,-79.903656
2026-04-10 09:44:17.750,0.000000,0.000000,0,0,0,0,-1,-1,-80.500609
2026-04-10 09:44:17.804,0.000000,0.000000,0,0,0,0,-1,1,-81.055065
2026-04-10 09:44:17.844,0.000000,0.000000,0,0,0,0,-1,1,-81.414725
2026-04-10 09:44:17.880,0.000000,0.000000,0,0,0,0,-1,1,-81.789585
2026-04-10 09:44:17.913,0.000000,0.000000,0,0,0,0,-1,1,-82.109076
2026-04-10 09:44:17.946,0.000000,0.000000,0,0,0,0,-1,1,-82.381729
2026-04-10 09:44:17.981,0.000000,0.000000,0,0,0,0,-1,1,-82.594051
2026-04-10 09:44:18.014,0.000000,0.000000,0,0,0,0,-1,0,-82.766359
2026-04-10 09:44:18.045,0.000000,0.000000,0,0,0,0,-1,0,-82.897413
2026-04-10 09:44:18.077,0.000000,0.000000,0,0,0,0,-1,0,-83.011251
2026-04-10 09:44:18.111,0.000000,0.000000,0,0,0,0,-1,0,-83.098878
2026-04-10 09:44:18.146,0.000000,0.000000,0,0,0,0,-1,0,-83.161381
2026-04-10 09:44:18.179,0.000000,0.000000,0,0,0,0,-1,0,-83.213492
2026-04-10 09:44:18.209,0.000000,0.000000,0,0,0,0,-1,0,-83.262811
2026-04-10 09:44:18.240,0.000000,0.000000,0,0,0,0,-1,0,-83.351369
2026-04-10 09:44:18.274,0.000000,0.000000,0,0,0,0,-1,0,-83.502430
2026-04-10 09:44:18.308,0.000000,0.000000,0,0,0,0,-1,0,-83.690867
2026-04-10 09:44:18.340,0.000000,0.000000,0,0,0,0,-1,0,-83.937310
2026-04-10 09:44:18.373,0.000000,0.000000,0,0,0,0,-1,0,-84.275567
2026-04-10 09:44:18.405,0.000000,0.000000,0,0,0,0,-1,-1,-84.652908
2026-04-10 09:44:18.438,0.000000,0.000000,0,0,0,0,-1,-1,-85.082980
2026-04-10 09:44:18.484,0.000000,0.000000,0,0,0,0,-1,-1,-85.734215
2026-04-10 09:44:18.516,0.000000,0.000000,0,0,0,0,-1,-1,-86.127841
2026-04-10 09:44:18.546,0.000000,0.000000,0,0,0,0,-1,-1,-86.580401
2026-04-10 09:44:18.578,0.000000,0.000000,0,0,0,0,-1,0,-86.992483
2026-04-10 09:44:18.610,0.000000,0.000000,0,0,0,0,-1,0,-87.341132
2026-04-10 09:44:18.645,0.000000,0.000000,0,0,0,0,-1,0,-87.600292
2026-04-10 09:44:18.678,0.000000,0.000000,0,0,0,0,-1,1,-87.817732
2026-04-10 09:44:18.709,0.000000,0.000000,0,0,0,0,-1,1,-88.089765
2026-04-10 09:44:18.741,0.000000,0.000000,0,0,0,0,-1,1,-88.437793
2026-04-10 09:44:18.772,0.000000,0.000000,0,0,0,0,-1,0,-88.925094
2026-04-10 09:44:18.815,0.000000,0.000000,0,0,0,0,-1,0,-89.659769
2026-04-10 09:44:18.848,0.000000,0.000000,0,0,0,0,-1,-1,-90.500992
2026-04-10 09:44:18.880,0.000000,0.000000,0,0,0,0,-1,-1,-91.573304
2026-04-10 09:44:18.913,0.000000,0.000000,0,0,0,0,-1,-1,-92.527125
2026-04-10 09:44:18.943,0.000000,0.000000,0,0,0,0,-1,-1,-92.865537
2026-04-10 09:44:18.978,0.000000,0.000000,0,0,0,0,-1,-1,-92.970225
2026-04-10 09:44:19.011,0.000000,0.000000,0,0,0,0,-1,-1,-92.951769
2026-04-10 09:44:19.043,0.000000,0.000000,0,0,0,0,-1,-1,-92.897641
2026-04-10 09:44:19.075,0.000000,0.000000,0,0,0,0,-1,-1,-92.897486
2026-04-10 09:44:19.106,0.000000,0.000000,0,0,0,0,-1,-1,-92.897176
2026-04-10 09:44:19.150,0.000000,0.000000,0,0,0,0,-1,-1,-92.896866
2026-04-10 09:44:19.184,0.000000,0.000000,0,0,0,0,-1,-1,-92.896711
2026-04-10 09:44:19.218,0.000000,0.000000,0,0,0,0,-1,-1,-92.896556
2026-04-10 09:44:19.299,0.000000,0.000000,0,0,0,0,0,-1,-91.938392
2026-04-10 09:44:19.352,0.000000,0.000000,0,0,0,0,1,0,-86.861430
2026-04-10 09:44:19.408,0.000000,0.000000,0,0,0,0,1,1,-80.386770
2026-04-10 09:44:19.462,0.000000,0.000000,0,0,0,0,1,1,-78.053554
2026-04-10 09:44:19.514,0.000000,0.000000,0,0,0,0,1,1,-78.016177
2026-04-10 09:44:19.569,0.000000,0.000000,0,0,0,0,1,1,-77.979885
2026-04-10 09:44:19.602,0.000000,0.000000,0,0,0,0,1,1,-77.984538
2026-04-10 09:44:19.640,0.000000,0.000000,0,0,0,0,1,1,-77.988881
2026-04-10 09:44:19.674,0.000000,0.000000,0,0,0,0,1,0,-77.991672
2026-04-10 09:44:19.705,0.000000,0.000000,0,0,0,0,1,-1,-77.993688
2026-04-10 09:44:19.735,0.000000,0.000000,0,0,0,0,1,-1,-77.995239
2026-04-10 09:44:19.818,0.000000,0.000000,0,0,0,0,1,-1,-77.995550
2026-04-10 09:44:19.853,0.000000,0.000000,0,0,0,0,0,0,-77.999582
2026-04-10 09:44:19.885,0.000000,0.000000,0,0,0,0,0,0,-77.999582
2026-04-10 09:44:19.917,0.000000,0.000000,0,0,0,0,0,0,-77.999582
2026-04-10 09:44:19.948,0.000000,0.000000,0,0,0,0,-1,1,-78.006716
2026-04-10 09:44:19.981,0.000000,0.000000,0,0,0,0,-1,1,-78.043008
2026-04-10 09:44:20.025,0.000000,0.000000,0,0,0,0,-1,0,-78.148471
2026-04-10 09:44:20.058,0.000000,0.000000,0,0,0,0,-1,0,-78.261689
2026-04-10 09:44:20.091,0.000000,0.000000,0,0,0,0,-1,-1,-78.379094
2026-04-10 09:44:20.122,0.000000,0.000000,0,0,0,0,-1,-1,-78.473701
2026-04-10 09:44:20.156,0.000000,0.000000,0,0,0,0,-1,-1,-78.553884
2026-04-10 09:44:20.191,0.000000,0.000000,0,0,0,0,-1,-1,-78.612199
2026-04-10 09:44:20.224,0.000000,0.000000,0,0,0,0,-1,-1,-78.668032
2026-04-10 09:44:20.257,0.000000,0.000000,0,0,0,0,-1,-1,-78.739685
2026-04-10 09:44:20.287,0.000000,0.000000,0,0,0,0,-1,-1,-78.867171
2026-04-10 09:44:20.319,0.000000,0.000000,0,0,0,0,-1,-1,-79.143547
2026-04-10 09:44:20.355,0.000000,0.000000,0,0,0,0,-1,-1,-79.539188
2026-04-10 09:44:20.389,0.000000,0.000000,0,0,0,0,-1,-1,-80.106363
2026-04-10 09:44:20.420,0.000000,0.000000,0,0,0,0,-1,-1,-80.683618
2026-04-10 09:44:20.452,0.000000,0.000000,0,0,0,0,-1,-1,-81.365406
2026-04-10 09:44:20.484,0.000000,0.000000,0,0,0,0,-1,-1,-81.989034
2026-04-10 09:44:20.518,0.000000,0.000000,0,0,0,0,-1,-1,-82.574509
2026-04-10 09:44:20.550,0.000000,0.000000,0,0,0,0,-1,-1,-83.105237
2026-04-10 09:44:20.582,0.000000,0.000000,0,0,0,0,-1,-1,-83.545701
2026-04-10 09:44:20.615,0.000000,0.000000,0,0,0,0,-1,0,-83.878064
2026-04-10 09:44:20.647,0.000000,0.000000,0,0,0,0,-1,0,-84.113650
2026-04-10 09:44:20.700,0.000000,0.000000,0,0,0,0,-1,0,-84.362109
2026-04-10 09:44:20.732,0.000000,0.000000,0,0,0,0,-1,-1,-84.467882
2026-04-10 09:44:20.765,0.000000,0.000000,0,0,0,0,-1,-1,-84.562179
2026-04-10 09:44:20.795,0.000000,0.000000,0,0,0,0,-1,-1,-84.643913
2026-04-10 09:44:20.829,0.000000,0.000000,0,0,0,0,-1,-1,-84.737589
2026-04-10 09:44:20.863,0.000000,0.000000,0,0,0,0,-1,-1,-84.909276
2026-04-10 09:44:20.895,0.000000,0.000000,0,0,0,0,-1,-1,-85.194027
2026-04-10 09:44:20.927,0.000000,0.000000,0,0,0,0,-1,-1,-85.614173
2026-04-10 09:44:20.962,0.000000,0.000000,0,0,0,0,-1,-1,-86.156843
2026-04-10 09:44:20.995,0.000000,0.000000,0,0,0,0,-1,-1,-86.693774
2026-04-10 09:44:21.033,0.000000,0.000000,0,0,0,0,-1,-1,-87.328259
2026-04-10 09:44:21.065,0.000000,0.000000,0,0,0,0,-1,-1,-87.957005
2026-04-10 09:44:21.098,0.000000,0.000000,0,0,0,0,-1,-1,-88.709981
2026-04-10 09:44:21.130,0.000000,0.000000,0,0,0,0,-1,-1,-89.453806
2026-04-10 09:44:21.163,0.000000,0.000000,0,0,0,0,-1,-1,-90.174057
2026-04-10 09:44:21.204,0.000000,0.000000,0,0,0,0,-1,-1,-90.974491
2026-04-10 09:44:21.238,0.000000,0.000000,0,0,0,0,-1,-1,-91.604788
2026-04-10 09:44:21.271,0.000000,0.000000,0,0,0,0,-1,-1,-92.216939
2026-04-10 09:44:21.303,0.000000,0.000000,0,0,0,0,-1,-1,-92.707032
2026-04-10 09:44:21.336,0.000000,0.000000,0,0,0,0,-1,-1,-92.926644
2026-04-10 09:44:21.378,0.000000,0.000000,0,0,0,0,-1,-1,-92.987440
2026-04-10 09:44:21.409,0.000000,0.000000,0,0,0,0,-1,-1,-92.979686
2026-04-10 09:44:21.440,0.000000,0.000000,0,0,0,0,-1,-1,-92.947581
2026-04-10 09:44:21.472,0.000000,0.000000,0,0,0,0,-1,-1,-92.947426
2026-04-10 09:44:21.508,0.000000,0.000000,0,0,0,0,-1,-1,-92.947116
2026-04-10 09:44:21.543,0.000000,0.000000,0,0,0,0,-1,-1,-92.946806
2026-04-10 09:44:21.575,0.000000,0.000000,0,0,0,0,-1,-1,-92.946651
2026-04-10 09:44:21.607,0.000000,0.000000,0,0,0,0,-1,-1,-92.946496
2026-04-10 09:44:21.685,0.000000,0.000000,0,0,0,0,-1,-1,-92.137532
2026-04-10 09:44:21.739,0.000000,0.000000,0,0,0,0,-1,-1,-87.274132
2026-04-10 09:44:21.795,0.000000,0.000000,0,0,0,0,1,-1,-80.687650
2026-04-10 09:44:21.848,0.000000,0.000000,0,0,0,0,1,-1,-78.094034
2026-04-10 09:44:21.899,0.000000,0.000000,0,0,0,0,1,-1,-78.007957
2026-04-10 09:44:21.950,0.000000,0.000000,0,0,0,0,1,-1,-77.978024
2026-04-10 09:44:22.007,0.000000,0.000000,0,0,0,0,1,-1,-77.986399
2026-04-10 09:44:22.042,0.000000,0.000000,0,0,0,0,1,-1,-77.989966
2026-04-10 09:44:22.075,0.000000,0.000000,0,0,0,0,1,-1,-77.992448
2026-04-10 09:44:22.114,0.000000,0.000000,0,0,0,0,1,-1,-77.994774
2026-04-10 09:44:22.153,0.000000,0.000000,0,0,0,0,1,-1,-77.996325
2026-04-10 09:44:22.192,0.000000,0.000000,0,0,0,0,1,-1,-77.997411
2026-04-10 09:44:22.297,0.000000,0.000000,0,0,0,0,1,-1,-77.998186
2026-04-10 09:44:22.331,0.000000,0.000000,0,0,0,0,0,0,-77.999892
2026-04-10 09:44:22.366,0.000000,0.000000,0,0,0,0,0,0,-77.999892
2026-04-10 09:44:22.398,0.000000,0.000000,0,0,0,0,0,0,-77.999892
2026-04-10 09:44:22.431,0.000000,0.000000,0,0,0,0,0,0,-77.999892
2026-04-10 09:44:22.465,0.000000,0.000000,0,0,0,0,0,0,-77.999892
2026-04-10 09:44:22.498,0.000000,0.000000,0,0,0,0,-1,0,-78.035098
2026-04-10 09:44:22.530,0.000000,0.000000,0,0,0,0,-1,0,-78.203064
2026-04-10 09:44:22.590,0.000000,0.000000,0,0,0,0,-1,0,-78.599481
2026-04-10 09:44:22.623,0.000000,0.000000,0,0,0,0,-1,-1,-79.433880
2026-04-10 09:44:22.665,0.000000,0.000000,0,0,0,0,-1,-1,-80.556597
2026-04-10 09:44:22.698,0.000000,0.000000,0,0,0,0,-1,-1,-81.734992
2026-04-10 09:44:22.733,0.000000,0.000000,0,0,0,0,-1,-1,-83.035445
2026-04-10 09:44:22.762,0.000000,0.000000,0,0,0,0,-1,-1,-84.084338
2026-04-10 09:44:22.792,0.000000,0.000000,0,0,0,0,-1,-1,-85.072744
2026-04-10 09:44:22.827,0.000000,0.000000,0,0,0,0,-1,-1,-86.051380
2026-04-10 09:44:22.858,0.000000,0.000000,0,0,0,0,-1,-1,-86.751469
2026-04-10 09:44:22.892,0.000000,0.000000,0,0,0,0,-1,-1,-87.486454
2026-04-10 09:44:22.931,0.000000,0.000000,0,0,0,0,-1,-1,-88.216941
2026-04-10 09:44:22.970,0.000000,0.000000,0,0,0,0,-1,-1,-88.842585
2026-04-10 09:44:23.024,0.000000,0.000000,0,0,0,0,-1,-1,-89.543294
2026-04-10 09:44:23.058,0.000000,0.000000,0,0,0,0,-1,-1,-89.986860
2026-04-10 09:44:23.090,0.000000,0.000000,0,0,0,0,-1,-1,-90.533562
2026-04-10 09:44:23.122,0.000000,0.000000,0,0,0,0,-1,-1,-91.098255
2026-04-10 09:44:23.157,0.000000,0.000000,0,0,0,0,-1,-1,-91.660466
2026-04-10 09:44:23.195,0.000000,0.000000,0,0,0,0,-1,-1,-92.189643
2026-04-10 09:44:23.227,0.000000,0.000000,0,0,0,0,-1,-1,-92.594590
2026-04-10 09:44:23.260,0.000000,0.000000,0,0,0,0,-1,-1,-92.866468
2026-04-10 09:44:23.292,0.000000,0.000000,0,0,0,0,-1,-1,-92.966658
2026-04-10 09:44:23.323,0.000000,0.000000,0,0,0,0,-1,-1,-92.950993
2026-04-10 09:44:23.360,0.000000,0.000000,0,0,0,0,-1,-1,-92.883683
2026-04-10 09:44:23.397,0.000000,0.000000,0,0,0,0,-1,-1,-92.883063
2026-04-10 09:44:23.433,0.000000,0.000000,0,0,0,0,-1,-1,-92.882597
2026-04-10 09:44:23.472,0.000000,0.000000,0,0,0,0,-1,-1,-92.882287
2026-04-10 09:44:23.511,0.000000,0.000000,0,0,0,0,-1,-1,-92.882132
2026-04-10 09:44:23.602,0.000000,0.000000,0,0,0,0,-1,-1,-91.697378
2026-04-10 09:44:23.657,0.000000,0.000000,0,0,0,0,-1,1,-86.225084
2026-04-10 09:44:23.713,0.000000,0.000000,0,0,0,0,-1,1,-79.948943
2026-04-10 09:44:23.767,0.000000,0.000000,0,0,0,0,0,1,-78.023156
2026-04-10 09:44:23.821,0.000000,0.000000,0,0,0,0,1,1,-77.979265
2026-04-10 09:44:23.893,0.000000,0.000000,0,0,0,0,1,1,-77.983297
2026-04-10 09:44:23.934,0.000000,0.000000,0,0,0,0,1,1,-77.988105
2026-04-10 09:44:23.979,0.000000,0.000000,0,0,0,0,1,1,-77.992138
2026-04-10 09:44:24.023,0.000000,0.000000,0,0,0,0,1,1,-77.994619
2026-04-10 09:44:24.070,0.000000,0.000000,0,0,0,0,1,1,-77.996480
2026-04-10 09:44:24.172,0.000000,0.000000,0,0,0,0,1,1,-77.997256
2026-04-10 09:44:24.217,0.000000,0.000000,0,0,0,0,0,-1,-77.999737
2026-04-10 09:44:24.264,0.000000,0.000000,0,0,0,0,0,-1,-77.999737
2026-04-10 09:44:24.305,0.000000,0.000000,0,0,0,0,0,-1,-77.999737
2026-04-10 09:44:24.344,0.000000,0.000000,0,0,0,0,0,0,-77.999737
2026-04-10 09:44:24.389,0.000000,0.000000,0,0,0,0,1,0,-77.999737
2026-04-10 09:44:24.428,0.000000,0.000000,0,0,0,0,1,1,-77.999737
2026-04-10 09:44:24.470,0.000000,0.000000,0,0,0,0,1,1,-77.999737
2026-04-10 09:44:24.510,0.000000,0.000000,0,0,0,0,1,1,-77.999737
2026-04-10 09:44:24.552,0.000000,0.000000,0,0,0,0,1,1,-77.999737
2026-04-10 09:44:24.600,0.000000,0.000000,0,0,0,0,1,1,-77.999737
2026-04-10 09:44:24.647,0.000000,0.000000,0,0,0,0,0,1,-77.999892
2026-04-10 09:44:24.693,0.000000,0.000000,0,0,0,0,0,0,-77.999892
2026-04-10 09:44:24.739,0.000000,0.000000,0,0,0,0,0,-1,-77.999892
2026-04-10 09:44:24.784,0.000000,0.000000,0,0,0,0,0,-1,-77.999892
2026-04-10 09:44:24.853,0.000000,0.000000,0,0,0,0,-1,0,-78.014006
2026-04-10 09:44:24.895,0.000000,0.000000,0,0,0,0,-1,0,-78.358622
2026-04-10 09:44:24.934,0.000000,0.000000,0,0,0,0,-1,0,-79.032035
2026-04-10 09:44:24.973,0.000000,0.000000,0,0,0,0,-1,-1,-79.951115
2026-04-10 09:44:25.012,0.000000,0.000000,0,0,0,0,-1,-1,-80.896871
2026-04-10 09:44:25.055,0.000000,0.000000,0,0,0,0,-1,0,-81.885277
2026-04-10 09:44:25.097,0.000000,0.000000,0,0,0,0,-1,0,-82.793345
2026-04-10 09:44:25.138,0.000000,0.000000,0,0,0,0,-1,0,-83.659849
2026-04-10 09:44:25.181,0.000000,0.000000,0,0,0,0,-1,0,-84.557836
2026-04-10 09:44:25.227,0.000000,0.000000,0,0,0,0,-1,0,-85.385722
2026-04-10 09:44:25.281,0.000000,0.000000,0,0,0,0,-1,0,-86.107368
2026-04-10 09:44:25.326,0.000000,0.000000,0,0,0,0,-1,0,-86.675784
2026-04-10 09:44:25.373,0.000000,0.000000,0,0,0,0,-1,0,-87.235048
2026-04-10 09:44:25.419,0.000000,0.000000,0,0,0,0,-1,0,-87.815250
2026-04-10 09:44:25.465,0.000000,0.000000,0,0,0,0,-1,0,-88.493471
2026-04-10 09:44:25.511,0.000000,0.000000,0,0,0,0,-1,0,-89.303831
2026-04-10 09:44:25.551,0.000000,0.000000,0,0,0,0,-1,0,-90.190497
2026-04-10 09:44:25.591,0.000000,0.000000,0,0,0,0,-1,0,-91.172854
2026-04-10 09:44:25.632,0.000000,0.000000,0,0,0,0,-1,0,-92.111321
2026-04-10 09:44:25.673,0.000000,0.000000,0,0,0,0,-1,0,-92.741308
2026-04-10 09:44:25.731,0.000000,0.000000,0,0,0,0,-1,-1,-92.979065
2026-04-10 09:44:25.778,0.000000,0.000000,0,0,0,0,-1,0,-92.898882
2026-04-10 09:44:25.824,0.000000,0.000000,0,0,0,0,-1,0,-92.838706
2026-04-10 09:44:25.869,0.000000,0.000000,0,0,0,0,-1,0,-92.838551
2026-04-10 09:44:25.908,0.000000,0.000000,0,0,0,0,-1,0,-92.838551
2026-04-10 09:44:25.956,0.000000,0.000000,0,0,0,0,1,-1,-92.838396
2026-04-10 09:44:25.996,0.000000,0.000000,0,0,0,0,1,-1,-92.838396
2026-04-10 09:44:26.097,0.000000,0.000000,0,0,0,0,1,-1,-90.866546
2026-04-10 09:44:26.161,0.000000,0.000000,0,0,0,0,1,-1,-83.715837
2026-04-10 09:44:26.224,0.000000,0.000000,0,0,0,0,1,-1,-78.407321
2026-04-10 09:44:26.294,0.000000,0.000000,0,0,0,0,1,-1,-78.006716
2026-04-10 09:44:26.360,0.000000,0.000000,0,0,0,0,1,0,-77.980661
2026-04-10 09:44:26.431,0.000000,0.000000,0,0,0,0,1,0,-77.989501
2026-04-10 09:44:26.471,0.000000,0.000000,0,0,0,0,1,1,-77.992603
2026-04-10 09:44:26.513,0.000000,0.000000,0,0,0,0,1,-1,-77.994929
2026-04-10 09:44:26.556,0.000000,0.000000,0,0,0,0,1,-1,-77.996635
2026-04-10 09:44:26.598,0.000000,0.000000,0,0,0,0,1,-1,-77.997721
2026-04-10 09:44:26.691,0.000000,0.000000,0,0,0,0,1,-1,-77.998341
2026-04-10 09:44:26.732,0.000000,0.000000,0,0,0,0,-1,0,-78.051383
2026-04-10 09:44:26.774,0.000000,0.000000,0,0,0,0,-1,0,-78.106131
2026-04-10 09:44:26.839,0.000000,0.000000,0,0,0,0,-1,0,-78.244629
2026-04-10 09:44:26.883,0.000000,0.000000,0,0,0,0,-1,0,-78.418333
2026-04-10 09:44:26.922,0.000000,0.000000,0,0,0,0,-1,0,-78.647560
2026-04-10 09:44:26.960,0.000000,0.000000,0,0,0,0,-1,-1,-78.880664
2026-04-10 09:44:26.996,0.000000,0.000000,0,0,0,0,-1,-1,-79.118421
2026-04-10 09:44:27.032,0.000000,0.000000,0,0,0,0,-1,-1,-79.460866
2026-04-10 09:44:27.064,0.000000,0.000000,0,0,0,0,-1,-1,-79.949874
2026-04-10 09:44:27.094,0.000000,0.000000,0,0,0,0,-1,-1,-80.560629
2026-04-10 09:44:27.124,0.000000,0.000000,0,0,0,0,-1,-1,-81.204265
2026-04-10 09:44:27.155,0.000000,0.000000,0,0,0,0,-1,-1,-81.841231
2026-04-10 09:44:27.197,0.000000,0.000000,0,0,0,0,-1,-1,-82.458035
2026-04-10 09:44:27.228,0.000000,0.000000,0,0,0,0,-1,-1,-82.856003
2026-04-10 09:44:27.263,0.000000,0.000000,0,0,0,0,-1,-1,-83.308719
2026-04-10 09:44:27.300,0.000000,0.000000,0,0,0,0,-1,-1,-83.728555
2026-04-10 09:44:27.339,0.000000,0.000000,0,0,0,0,-1,-1,-84.164211
2026-04-10 09:44:27.381,0.000000,0.000000,0,0,0,0,-1,-1,-84.536278
2026-04-10 09:44:27.420,0.000000,0.000000,0,0,0,0,-1,-1,-84.811568
2026-04-10 09:44:27.458,0.000000,0.000000,0,0,0,0,-1,-1,-85.019082
2026-04-10 09:44:27.494,0.000000,0.000000,0,0,0,0,-1,-1,-85.172624
2026-04-10 09:44:27.527,0.000000,0.000000,0,0,0,0,-1,-1,-85.283981
2026-04-10 09:44:27.569,0.000000,0.000000,0,0,0,0,-1,-1,-85.391150
2026-04-10 09:44:27.602,0.000000,0.000000,0,0,0,0,-1,-1,-85.450705
2026-04-10 09:44:27.633,0.000000,0.000000,0,0,0,0,-1,-1,-85.502817
2026-04-10 09:44:27.664,0.000000,0.000000,0,0,0,0,-1,-1,-85.545312
2026-04-10 09:44:27.694,0.000000,0.000000,0,0,0,0,-1,-1,-85.576796
2026-04-10 09:44:27.727,0.000000,0.000000,0,0,0,0,0,-1,-85.594787
2026-04-10 09:44:27.758,0.000000,0.000000,0,0,0,0,0,-1,-85.599439
2026-04-10 09:44:27.789,0.000000,0.000000,0,0,0,0,0,-1,-85.600680
2026-04-10 09:44:27.822,0.000000,0.000000,0,0,0,0,0,-1,-85.601145
2026-04-10 09:44:27.851,0.000000,0.000000,0,0,0,0,0,-1,-85.601145
2026-04-10 09:44:27.890,0.000000,0.000000,0,0,0,0,0,-1,-85.601145
2026-04-10 09:44:27.929,0.000000,0.000000,0,0,0,0,0,-1,-85.601145
2026-04-10 09:44:27.968,0.000000,0.000000,0,0,0,0,0,0,-85.601145
2026-04-10 09:44:28.007,0.000000,0.000000,0,0,0,0,-1,1,-85.612777
2026-04-10 09:44:28.046,0.000000,0.000000,0,0,0,0,-1,1,-85.664423
2026-04-10 09:44:28.088,0.000000,0.000000,0,0,0,0,-1,1,-85.830528
2026-04-10 09:44:28.123,0.000000,0.000000,0,0,0,0,-1,1,-86.105352
2026-04-10 09:44:28.156,0.000000,0.000000,0,0,0,0,-1,1,-86.501769
2026-04-10 09:44:28.187,0.000000,0.000000,0,0,0,0,-1,1,-87.028775
2026-04-10 09:44:28.216,0.000000,0.000000,0,0,0,0,-1,1,-87.639995
2026-04-10 09:44:28.259,0.000000,0.000000,0,0,0,0,-1,1,-88.589163
2026-04-10 09:44:28.289,0.000000,0.000000,0,0,0,0,-1,1,-89.320581
2026-04-10 09:44:28.320,0.000000,0.000000,0,0,0,0,-1,1,-90.287274
2026-04-10 09:44:28.352,0.000000,0.000000,0,0,0,0,-1,1,-91.235667
2026-04-10 09:44:28.384,0.000000,0.000000,0,0,0,0,-1,1,-92.140323
2026-04-10 09:44:28.416,0.000000,0.000000,0,0,0,0,-1,1,-92.699588
2026-04-10 09:44:28.452,0.000000,0.000000,0,0,0,0,-1,1,-92.935019
2026-04-10 09:44:28.490,0.000000,0.000000,0,0,0,0,-1,1,-92.986199
2026-04-10 09:44:28.529,0.000000,0.000000,0,0,0,0,-1,1,-92.971311
2026-04-10 09:44:28.568,0.000000,0.000000,0,0,0,0,-1,0,-92.944790
2026-04-10 09:44:28.613,0.000000,0.000000,0,0,0,0,-1,0,-92.944169
2026-04-10 09:44:28.651,0.000000,0.000000,0,0,0,0,-1,0,-92.943859
2026-04-10 09:44:28.685,0.000000,0.000000,0,0,0,0,-1,-1,-92.943549
2026-04-10 09:44:28.715,0.000000,0.000000,0,0,0,0,-1,-1,-92.943394
2026-04-10 09:44:28.797,0.000000,0.000000,0,0,0,0,-1,-1,-91.985075
2026-04-10 09:44:28.850,0.000000,0.000000,0,0,0,0,1,-1,-86.904700
2026-04-10 09:44:28.900,0.000000,0.000000,0,0,0,0,1,-1,-80.982792
2026-04-10 09:44:28.954,0.000000,0.000000,0,0,0,0,1,-1,-78.114816
2026-04-10 09:44:29.009,0.000000,0.000000,0,0,0,0,1,-1,-78.006716
2026-04-10 09:44:29.072,0.000000,0.000000,0,0,0,0,1,-1,-77.980195
2026-04-10 09:44:29.147,0.000000,0.000000,0,0,0,0,1,-1,-77.989656
2026-04-10 09:44:29.178,0.000000,0.000000,0,0,0,0,1,-1,-77.992138
2026-04-10 09:44:29.208,0.000000,0.000000,0,0,0,0,1,-1,-77.993999
2026-04-10 09:44:29.239,0.000000,0.000000,0,0,0,0,1,-1,-77.995394
2026-04-10 09:44:29.269,0.000000,0.000000,0,0,0,0,1,-1,-77.996480
2026-04-10 09:44:29.302,0.000000,0.000000,0,0,0,0,1,-1,-77.997411
2026-04-10 09:44:29.333,0.000000,0.000000,0,0,0,0,1,-1,-77.998031
2026-04-10 09:44:29.419,0.000000,0.000000,0,0,0,0,1,-1,-77.998651
2026-04-10 09:44:29.457,0.000000,0.000000,0,0,0,0,0,0,-77.999892
2026-04-10 09:44:29.488,0.000000,0.000000,0,0,0,0,-1,0,-78.016022
2026-04-10 09:44:29.527,0.000000,0.000000,0,0,0,0,-1,0,-78.121795
2026-04-10 09:44:29.558,0.000000,0.000000,0,0,0,0,-1,0,-78.381886
2026-04-10 09:44:29.587,0.000000,0.000000,0,0,0,0,-1,0,-78.762173
2026-04-10 09:44:29.618,0.000000,0.000000,0,0,0,0,-1,-1,-79.302362
2026-04-10 09:44:29.648,0.000000,0.000000,0,0,0,0,-1,-1,-79.883960
2026-04-10 09:44:29.681,0.000000,0.000000,0,0,0,0,-1,-1,-80.513016
2026-04-10 09:44:29.713,0.000000,0.000000,0,0,0,0,-1,-1,-81.174177
2026-04-10 09:44:29.743,0.000000,0.000000,0,0,0,0,-1,-1,-81.779969
2026-04-10 09:44:29.775,0.000000,0.000000,0,0,0,0,-1,-1,-82.379093
2026-04-10 09:44:29.806,0.000000,0.000000,0,0,0,0,-1,-1,-82.930137
2026-04-10 09:44:29.851,0.000000,0.000000,0,0,0,0,-1,-1,-83.630381
2026-04-10 09:44:29.888,0.000000,0.000000,0,0,0,0,-1,-1,-84.172586
2026-04-10 09:44:29.934,0.000000,0.000000,0,0,0,0,-1,-1,-84.890976
2026-04-10 09:44:29.986,0.000000,0.000000,0,0,0,0,-1,-1,-85.678692
2026-04-10 09:44:30.026,0.000000,0.000000,0,0,0,0,-1,-1,-86.267424
2026-04-10 09:44:30.068,0.000000,0.000000,0,0,0,0,-1,-1,-86.919744
2026-04-10 09:44:30.106,0.000000,0.000000,0,0,0,0,-1,-1,-87.531896
2026-04-10 09:44:30.146,0.000000,0.000000,0,0,0,0,-1,-1,-88.130554
2026-04-10 09:44:30.185,0.000000,0.000000,0,0,0,0,-1,-1,-88.658955
2026-04-10 09:44:30.224,0.000000,0.000000,0,0,0,0,-1,-1,-89.128421
2026-04-10 09:44:30.271,0.000000,0.000000,0,0,0,0,-1,-1,-89.589977
2026-04-10 09:44:30.323,0.000000,0.000000,0,0,0,0,-1,-1,-90.182122
2026-04-10 09:44:30.370,0.000000,0.000000,0,0,0,0,-1,-1,-90.795359
2026-04-10 09:44:30.409,0.000000,0.000000,0,0,0,0,-1,-1,-91.416195
2026-04-10 09:44:30.448,0.000000,0.000000,0,0,0,0,-1,-1,-92.105738
2026-04-10 09:44:30.490,0.000000,0.000000,0,0,0,0,-1,-1,-92.698347
2026-04-10 09:44:30.529,0.000000,0.000000,0,0,0,0,-1,-1,-92.945100
2026-04-10 09:44:30.568,0.000000,0.000000,0,0,0,0,-1,0,-92.989301
2026-04-10 09:44:30.607,0.000000,0.000000,0,0,0,0,-1,0,-92.976584
2026-04-10 09:44:30.652,0.000000,0.000000,0,0,0,0,-1,0,-92.953940
2026-04-10 09:44:30.724,0.000000,0.000000,0,0,0,0,-1,0,-92.953010
2026-04-10 09:44:30.767,0.000000,0.000000,0,0,0,0,-1,-1,-92.952544
2026-04-10 09:44:30.806,0.000000,0.000000,0,0,0,0,-1,-1,-92.952389
2026-04-10 09:44:30.905,0.000000,0.000000,0,0,0,0,-1,-1,-90.978523
2026-04-10 09:44:30.968,0.000000,0.000000,0,0,0,0,-1,0,-83.801914
2026-04-10 09:44:31.041,0.000000,0.000000,0,0,0,0,-1,0,-78.225087
2026-04-10 09:44:31.118,0.000000,0.000000,0,0,0,0,1,-1,-77.978800
2026-04-10 09:44:31.187,0.000000,0.000000,0,0,0,0,1,-1,-77.983607
2026-04-10 09:44:31.225,0.000000,0.000000,0,0,0,0,1,-1,-77.988105
2026-04-10 09:44:31.265,0.000000,0.000000,0,0,0,0,1,-1,-77.991827
2026-04-10 09:44:31.316,0.000000,0.000000,0,0,0,0,1,1,-77.994774
2026-04-10 09:44:31.355,0.000000,0.000000,0,0,0,0,1,0,-77.996325
2026-04-10 09:44:31.459,0.000000,0.000000,0,0,0,0,1,0,-77.996635
2026-04-10 09:44:31.502,0.000000,0.000000,0,0,0,0,1,-1,-77.999582
2026-04-10 09:44:31.541,0.000000,0.000000,0,0,0,0,-1,-1,-78.019589
2026-04-10 09:44:31.583,0.000000,0.000000,0,0,0,0,-1,-1,-78.152503
2026-04-10 09:44:31.621,0.000000,0.000000,0,0,0,0,-1,-1,-78.442527
2026-04-10 09:44:31.660,0.000000,0.000000,0,0,0,0,-1,-1,-78.904083
2026-04-10 09:44:31.699,0.000000,0.000000,0,0,0,0,-1,-1,-79.527556
2026-04-10 09:44:31.738,0.000000,0.000000,0,0,0,0,-1,-1,-80.268745
2026-04-10 09:44:31.808,0.000000,0.000000,0,0,0,0,-1,-1,-81.484052
2026-04-10 09:44:31.854,0.000000,0.000000,0,0,0,0,-1,-1,-82.320157
2026-04-10 09:44:31.893,0.000000,0.000000,0,0,0,0,-1,-1,-83.243270
2026-04-10 09:44:31.932,0.000000,0.000000,0,0,0,0,-1,-1,-84.128694
2026-04-10 09:44:31.970,0.000000,0.000000,0,0,0,0,-1,-1,-84.858716
2026-04-10 09:44:32.013,0.000000,0.000000,0,0,0,0,-1,0,-85.528097
2026-04-10 09:44:32.052,0.000000,0.000000,0,0,0,0,-1,-1,-86.097287
2026-04-10 09:44:32.091,0.000000,0.000000,0,0,0,0,-1,-1,-86.683383
2026-04-10 09:44:32.132,0.000000,0.000000,0,0,0,0,-1,-1,-87.309183
2026-04-10 09:44:32.184,0.000000,0.000000,0,0,0,0,-1,-1,-88.099070
2026-04-10 09:44:32.234,0.000000,0.000000,0,0,0,0,-1,-1,-88.674775
2026-04-10 09:44:32.273,0.000000,0.000000,0,0,0,0,-1,-1,-89.199764
2026-04-10 09:44:32.312,0.000000,0.000000,0,0,0,0,-1,-1,-89.637436
2026-04-10 09:44:32.350,0.000000,0.000000,0,0,0,0,-1,-1,-89.972126
2026-04-10 09:44:32.390,0.000000,0.000000,0,0,0,0,-1,-1,-90.230200
2026-04-10 09:44:32.432,0.000000,0.000000,0,0,0,0,-1,-1,-90.417242
2026-04-10 09:44:32.471,0.000000,0.000000,0,0,0,0,-1,-1,-90.560393
2026-04-10 09:44:32.519,0.000000,0.000000,0,0,0,0,-1,-1,-90.714555
2026-04-10 09:44:32.571,0.000000,0.000000,0,0,0,0,-1,-1,-91.051727
2026-04-10 09:44:32.610,0.000000,0.000000,0,0,0,0,-1,-1,-91.540424
2026-04-10 09:44:32.664,0.000000,0.000000,0,0,0,0,-1,-1,-92.481372
2026-04-10 09:44:32.703,0.000000,0.000000,0,0,0,0,-1,-1,-92.854991
2026-04-10 09:44:32.741,0.000000,0.000000,0,0,0,0,-1,-1,-92.972086
2026-04-10 09:44:32.780,0.000000,0.000000,0,0,0,0,-1,-1,-92.932847
2026-04-10 09:44:32.819,0.000000,0.000000,0,0,0,0,-1,-1,-92.874067
2026-04-10 09:44:32.862,0.000000,0.000000,0,0,0,0,-1,0,-92.873602
2026-04-10 09:44:32.904,0.000000,0.000000,0,0,0,0,-1,0,-92.873292
2026-04-10 09:44:32.940,0.000000,0.000000,0,0,0,0,-1,0,-92.873137
2026-04-10 09:44:32.968,0.000000,0.000000,0,0,0,0,-1,0,-92.872982
2026-04-10 09:44:33.036,0.000000,0.000000,0,0,0,0,-1,0,-92.387076
2026-04-10 09:44:33.103,0.000000,0.000000,0,0,0,0,-1,0,-86.348693
2026-04-10 09:44:33.166,0.000000,0.000000,0,0,0,0,-1,0,-79.486922
2026-04-10 09:44:33.229,0.000000,0.000000,0,0,0,0,0,0,-78.008422
2026-04-10 09:44:33.292,0.000000,0.000000,0,0,0,0,1,-1,-77.974612
2026-04-10 09:44:33.345,0.000000,0.000000,0,0,0,0,1,-1,-77.983763
2026-04-10 09:44:33.373,0.000000,0.000000,0,0,0,0,1,-1,-77.987485
2026-04-10 09:44:33.399,0.000000,0.000000,0,0,0,0,1,0,-77.989966
2026-04-10 09:44:33.436,0.000000,0.000000,0,0,0,0,1,1,-77.992758
2026-04-10 09:44:33.474,0.000000,0.000000,0,0,0,0,1,1,-77.994929
2026-04-10 09:44:33.513,0.000000,0.000000,0,0,0,0,1,1,-77.996480
2026-04-10 09:44:33.624,0.000000,0.000000,0,0,0,0,1,1,-77.997256
2026-04-10 09:44:33.663,0.000000,0.000000,0,0,0,0,1,-1,-77.999737
2026-04-10 09:44:33.693,0.000000,0.000000,0,0,0,0,1,-1,-77.999737
2026-04-10 09:44:33.720,0.000000,0.000000,0,0,0,0,1,-1,-77.999582
2026-04-10 09:44:33.746,0.000000,0.000000,0,0,0,0,1,-1,-77.999737
2026-04-10 09:44:33.775,0.000000,0.000000,0,0,0,0,0,-1,-77.999737
2026-04-10 09:44:33.814,0.000000,0.000000,0,0,0,0,-1,-1,-78.051693
2026-04-10 09:44:33.852,0.000000,0.000000,0,0,0,0,-1,-1,-78.240286
2026-04-10 09:44:33.892,0.000000,0.000000,0,0,0,0,-1,-1,-78.572495
2026-04-10 09:44:33.931,0.000000,0.000000,0,0,0,0,-1,-1,-79.073600
2026-04-10 09:44:33.976,0.000000,0.000000,0,0,0,0,-1,-1,-79.817580
2026-04-10 09:44:34.015,0.000000,0.000000,0,0,0,0,-1,-1,-80.751859
2026-04-10 09:44:34.052,0.000000,0.000000,0,0,0,0,-1,-1,-81.820603
2026-04-10 09:44:34.078,0.000000,0.000000,0,0,0,0,-1,-1,-82.684625
2026-04-10 09:44:34.104,0.000000,0.000000,0,0,0,0,-1,-1,-83.759108
2026-04-10 09:44:34.132,0.000000,0.000000,0,0,0,0,-1,-1,-84.864765
2026-04-10 09:44:34.166,0.000000,0.000000,0,0,0,0,-1,-1,-86.000820
2026-04-10 09:44:34.205,0.000000,0.000000,0,0,0,0,-1,-1,-86.936805
2026-04-10 09:44:34.243,0.000000,0.000000,0,0,0,0,-1,-1,-87.586178
2026-04-10 09:44:34.282,0.000000,0.000000,0,0,0,0,-1,0,-88.132260
2026-04-10 09:44:34.336,0.000000,0.000000,0,0,0,0,-1,0,-88.772328
2026-04-10 09:44:34.375,0.000000,0.000000,0,0,0,0,-1,0,-89.308174
2026-04-10 09:44:34.414,0.000000,0.000000,0,0,0,0,-1,-1,-89.989496
2026-04-10 09:44:34.444,0.000000,0.000000,0,0,0,0,-1,-1,-90.526893
2026-04-10 09:44:34.470,0.000000,0.000000,0,0,0,0,-1,-1,-91.096859
2026-04-10 09:44:34.498,0.000000,0.000000,0,0,0,0,-1,-1,-91.700480
2026-04-10 09:44:34.528,0.000000,0.000000,0,0,0,0,-1,-1,-92.249664
2026-04-10 09:44:34.567,0.000000,0.000000,0,0,0,0,-1,-1,-92.750303
2026-04-10 09:44:34.606,0.000000,0.000000,0,0,0,0,-1,-1,-92.945720
2026-04-10 09:44:34.645,0.000000,0.000000,0,0,0,0,-1,-1,-92.989456
2026-04-10 09:44:34.690,0.000000,0.000000,0,0,0,0,-1,0,-92.978135
2026-04-10 09:44:34.729,0.000000,0.000000,0,0,0,0,-1,1,-92.956422
2026-04-10 09:44:34.768,0.000000,0.000000,0,0,0,0,-1,1,-92.955801
2026-04-10 09:44:34.801,0.000000,0.000000,0,0,0,0,-1,1,-92.955336
2026-04-10 09:44:34.827,0.000000,0.000000,0,0,0,0,-1,1,-92.955026
2026-04-10 09:44:34.855,0.000000,0.000000,0,0,0,0,-1,0,-92.954871
2026-04-10 09:44:34.943,0.000000,0.000000,0,0,0,0,-1,0,-91.438683
2026-04-10 09:44:35.006,0.000000,0.000000,0,0,0,0,-1,-1,-84.417632
2026-04-10 09:44:35.058,0.000000,0.000000,0,0,0,0,1,-1,-79.186817
2026-04-10 09:44:35.108,0.000000,0.000000,0,0,0,0,1,0,-78.010904
2026-04-10 09:44:35.189,0.000000,0.000000,0,0,0,0,1,1,-77.976008
2026-04-10 09:44:35.256,0.000000,0.000000,0,0,0,0,1,1,-77.987019
2026-04-10 09:44:35.287,0.000000,0.000000,0,0,0,0,1,1,-77.990121
2026-04-10 09:44:35.317,0.000000,0.000000,0,0,0,0,1,1,-77.992603
2026-04-10 09:44:35.348,0.000000,0.000000,0,0,0,0,1,1,-77.994309
2026-04-10 09:44:35.381,0.000000,0.000000,0,0,0,0,1,0,-77.995860
2026-04-10 09:44:35.412,0.000000,0.000000,0,0,0,0,1,0,-77.996790
2026-04-10 09:44:35.443,0.000000,0.000000,0,0,0,0,1,0,-77.997566
2026-04-10 09:44:35.527,0.000000,0.000000,0,0,0,0,1,0,-77.997876
2026-04-10 09:44:35.563,0.000000,0.000000,0,0,0,0,0,0,-77.998962
2026-04-10 09:44:35.614,0.000000,0.000000,0,0,0,0,0,-1,-77.999272
2026-04-10 09:44:35.654,0.000000,0.000000,0,0,0,0,0,-1,-77.999427
2026-04-10 09:44:35.694,0.000000,0.000000,0,0,0,0,-1,-1,-78.067513
2026-04-10 09:44:35.734,0.000000,0.000000,0,0,0,0,-1,-1,-78.288830
2026-04-10 09:44:35.774,0.000000,0.000000,0,0,0,0,-1,-1,-78.674856
2026-04-10 09:44:35.817,0.000000,0.000000,0,0,0,0,-1,-1,-79.216130
2026-04-10 09:44:35.857,0.000000,0.000000,0,0,0,0,-1,-1,-79.759265
2026-04-10 09:44:35.901,0.000000,0.000000,0,0,0,0,-1,-1,-80.414377
2026-04-10 09:44:35.946,0.000000,0.000000,0,0,0,0,-1,-1,-81.067007
2026-04-10 09:44:35.988,0.000000,0.000000,0,0,0,0,-1,-1,-81.694513
2026-04-10 09:44:36.042,0.000000,0.000000,0,0,0,0,-1,-1,-82.500375
2026-04-10 09:44:36.081,0.000000,0.000000,0,0,0,0,-1,-1,-83.069721
2026-04-10 09:44:36.120,0.000000,0.000000,0,0,0,0,-1,-1,-83.635344
2026-04-10 09:44:36.158,0.000000,0.000000,0,0,0,0,-1,-1,-84.097055
2026-04-10 09:44:36.197,0.000000,0.000000,0,0,0,0,-1,-1,-84.577223
2026-04-10 09:44:36.248,0.000000,0.000000,0,0,0,0,-1,-1,-85.282275
2026-04-10 09:44:36.300,0.000000,0.000000,0,0,0,0,-1,-1,-86.060065
2026-04-10 09:44:36.343,0.000000,0.000000,0,0,0,0,-1,-1,-86.761860
2026-04-10 09:44:36.382,0.000000,0.000000,0,0,0,0,-1,-1,-87.588660
2026-04-10 09:44:36.421,0.000000,0.000000,0,0,0,0,-1,-1,-88.532089
2026-04-10 09:44:36.466,0.000000,0.000000,0,0,0,0,-1,-1,-89.551824
2026-04-10 09:44:36.505,0.000000,0.000000,0,0,0,0,-1,-1,-90.497580
2026-04-10 09:44:36.544,0.000000,0.000000,0,0,0,0,-1,-1,-91.377732
2026-04-10 09:44:36.585,0.000000,0.000000,0,0,0,0,-1,-1,-92.151025
2026-04-10 09:44:36.627,0.000000,0.000000,0,0,0,0,-1,-1,-92.738671
2026-04-10 09:44:36.669,0.000000,0.000000,0,0,0,0,-1,-1,-92.956422
2026-04-10 09:44:36.708,0.000000,0.000000,0,0,0,0,-1,-1,-92.991007
2026-04-10 09:44:36.750,0.000000,0.000000,0,0,0,0,-1,-1,-92.980461
2026-04-10 09:44:36.790,0.000000,0.000000,0,0,0,0,-1,-1,-92.963711
2026-04-10 09:44:36.831,0.000000,0.000000,0,0,0,0,-1,-1,-92.963091
2026-04-10 09:44:36.892,0.000000,0.000000,0,0,0,0,-1,-1,-92.962470
2026-04-10 09:44:36.936,0.000000,0.000000,0,0,0,0,-1,-1,-92.962160
2026-04-10 09:44:37.050,0.000000,0.000000,0,0,0,0,-1,-1,-90.080846
2026-04-10 09:44:37.123,0.000000,0.000000,0,0,0,0,1,-1,-81.501733
2026-04-10 09:44:37.188,0.000000,0.000000,0,0,0,0,1,-1,-78.055415
2026-04-10 09:44:37.256,0.000000,0.000000,0,0,0,0,1,-1,-77.978489
2026-04-10 09:44:37.326,0.000000,0.000000,0,0,0,0,1,-1,-77.984383
2026-04-10 09:44:37.365,0.000000,0.000000,0,0,0,0,1,-1,-77.988726
2026-04-10 09:44:37.408,0.000000,0.000000,0,0,0,0,1,-1,-77.992293
2026-04-10 09:44:37.452,0.000000,0.000000,0,0,0,0,1,-1,-77.994774
2026-04-10 09:44:37.504,0.000000,0.000000,0,0,0,0,1,-1,-77.996790
2026-04-10 09:44:37.601,0.000000,0.000000,0,0,0,0,1,-1,-77.997256
2026-04-10 09:44:37.645,0.000000,0.000000,0,0,0,0,1,0,-77.999892
2026-04-10 09:44:37.688,0.000000,0.000000,0,0,0,0,1,0,-77.999892
2026-04-10 09:44:37.731,0.000000,0.000000,0,0,0,0,0,1,-77.999892
2026-04-10 09:44:37.775,0.000000,0.000000,0,0,0,0,-1,1,-78.133582
2026-04-10 09:44:37.814,0.000000,0.000000,0,0,0,0,-1,1,-78.561638
2026-04-10 09:44:37.855,0.000000,0.000000,0,0,0,0,-1,1,-79.255213
2026-04-10 09:44:37.895,0.000000,0.000000,0,0,0,0,-1,0,-80.035175
2026-04-10 09:44:37.938,0.000000,0.000000,0,0,0,0,-1,0,-80.852824
2026-04-10 09:44:38.005,0.000000,0.000000,0,0,0,0,-1,0,-81.779038
2026-04-10 09:44:38.049,0.000000,0.000000,0,0,0,0,-1,0,-82.540544
2026-04-10 09:44:38.093,0.000000,0.000000,0,0,0,0,-1,0,-83.438221
2026-04-10 09:44:38.138,0.000000,0.000000,0,0,0,0,-1,0,-84.388785
2026-04-10 09:44:38.180,0.000000,0.000000,0,0,0,0,-1,0,-85.333300
2026-04-10 09:44:38.222,0.000000,0.000000,0,0,0,0,-1,-1,-86.335200
2026-04-10 09:44:38.261,0.000000,0.000000,0,0,0,0,-1,-1,-87.486764
2026-04-10 09:44:38.300,0.000000,0.000000,0,0,0,0,-1,-1,-88.694627
2026-04-10 09:44:38.345,0.000000,0.000000,0,0,0,0,-1,-1,-90.000508
2026-04-10 09:44:38.391,0.000000,0.000000,0,0,0,0,-1,-1,-91.053743
2026-04-10 09:44:38.442,0.000000,0.000000,0,0,0,0,-1,-1,-91.924744
2026-04-10 09:44:38.486,0.000000,0.000000,0,0,0,0,-1,-1,-92.636310
2026-04-10 09:44:38.526,0.000000,0.000000,0,0,0,0,-1,-1,-92.918889
2026-04-10 09:44:38.565,0.000000,0.000000,0,0,0,0,-1,-1,-92.983718
2026-04-10 09:44:38.604,0.000000,0.000000,0,0,0,0,-1,-1,-92.961695
2026-04-10 09:44:38.648,0.000000,0.000000,0,0,0,0,-1,-1,-92.926489
2026-04-10 09:44:38.693,0.000000,0.000000,0,0,0,0,-1,-1,-92.926023
2026-04-10 09:44:38.738,0.000000,0.000000,0,0,0,0,-1,-1,-92.925868
2026-04-10 09:44:38.781,0.000000,0.000000,0,0,0,0,-1,-1,-92.925713
2026-04-10 09:44:38.826,0.000000,0.000000,0,0,0,0,-1,-1,-92.925558
2026-04-10 09:44:38.936,0.000000,0.000000,0,0,0,0,-1,-1,-90.869803
2026-04-10 09:44:38.989,0.000000,0.000000,0,0,0,0,-1,-1,-84.889425
2026-04-10 09:44:39.039,0.000000,0.000000,0,0,0,0,-1,-1,-79.509721
2026-04-10 09:44:39.088,0.000000,0.000000,0,0,0,0,-1,-1,-78.028274
2026-04-10 09:44:39.141,0.000000,0.000000,0,0,0,0,-1,-1,-77.975388
2026-04-10 09:44:39.200,0.000000,0.000000,0,0,0,0,-1,-1,-77.981591
2026-04-10 09:44:39.237,0.000000,0.000000,0,0,0,0,-1,-1,-77.985934
2026-04-10 09:44:39.272,0.000000,0.000000,0,0,0,0,0,-1,-77.989811
2026-04-10 09:44:39.302,0.000000,0.000000,0,0,0,0,0,-1,-77.992293
2026-04-10 09:44:39.343,0.000000,0.000000,0,0,0,0,0,-1,-77.994619
2026-04-10 09:44:39.384,0.000000,0.000000,0,0,0,0,0,-1,-77.996325
2026-04-10 09:44:39.477,0.000000,0.000000,0,0,0,0,0,-1,-77.996635
2026-04-10 09:44:39.517,0.000000,0.000000,0,0,0,0,0,0,-77.999737
2026-04-10 09:44:39.557,0.000000,0.000000,0,0,0,0,0,0,-77.999737
2026-04-10 09:44:39.597,0.000000,0.000000,0,0,0,0,0,0,-77.999737
2026-04-10 09:44:39.639,0.000000,0.000000,0,0,0,0,0,0,-77.999737
2026-04-10 09:44:39.665,0.000000,0.000000,0,0,0,0,0,0,-77.999737
2026-04-10 09:44:39.698,0.000000,0.000000,0,0,0,0,0,0,-77.999737
2026-04-10 09:44:39.737,0.000000,0.000000,0,0,0,0,0,0,-77.999737
2026-04-10 09:44:39.776,0.000000,0.000000,0,0,0,0,0,0,-77.999737
2026-04-10 09:44:39.830,0.000000,0.000000,0,0,0,0,0,0,-77.999737
2026-04-10 09:44:39.868,0.000000,0.000000,0,0,0,0,0,0,-77.999737
2026-04-10 09:44:39.907,0.000000,0.000000,0,0,0,0,0,0,-77.999737
2026-04-10 09:44:39.946,0.000000,0.000000,0,0,0,0,0,0,-77.999737
2026-04-10 09:44:39.980,0.000000,0.000000,0,0,0,0,0,0,-77.999737
2026-04-10 09:44:40.008,0.000000,0.000000,0,0,0,0,0,0,-77.999737
2026-04-10 09:44:40.034,0.000000,0.000000,0,0,0,0,0,0,-77.999737
2026-04-10 09:44:40.067,0.000000,0.000000,0,0,0,0,0,0,-77.999737
2026-04-10 09:44:40.106,0.000000,0.000000,0,0,0,0,0,0,-77.999737
2026-04-10 09:44:40.145,0.000000,0.000000,0,0,0,0,0,0,-77.999737
2026-04-10 09:44:40.196,0.000000,0.000000,0,0,0,0,0,0,-77.999737
2026-04-10 09:44:40.235,0.000000,0.000000,0,0,0,0,0,0,-77.999892
2026-04-10 09:44:40.274,0.000000,0.000000,0,0,0,0,0,0,-77.999892
2026-04-10 09:44:40.313,0.000000,0.000000,0,0,0,0,0,0,-77.999892
2026-04-10 09:44:40.347,0.000000,0.000000,0,0,0,0,0,0,-77.999892
2026-04-10 09:44:40.375,0.000000,0.000000,0,0,0,0,0,0,-77.999892
2026-04-10 09:44:40.401,0.000000,0.000000,0,0,0,0,0,0,-77.999892
2026-04-10 09:44:40.434,0.000000,0.000000,0,0,0,0,0,0,-77.999892
2026-04-10 09:44:40.473,0.000000,0.000000,0,0,0,0,0,0,-77.999892
2026-04-10 09:44:40.512,0.000000,0.000000,0,0,0,0,0,0,-77.999892
2026-04-10 09:44:40.566,0.000000,0.000000,0,0,0,0,0,0,-77.999892
2026-04-10 09:44:40.605,0.000000,0.000000,0,0,0,0,0,0,-77.999892
2026-04-10 09:44:40.644,0.000000,0.000000,0,0,0,0,0,0,-77.999892
2026-04-10 09:44:40.683,0.000000,0.000000,0,0,0,0,0,0,-77.999892
2026-04-10 09:44:40.717,0.000000,0.000000,0,0,0,0,0,0,-77.999892
2026-04-10 09:44:40.745,0.000000,0.000000,0,0,0,0,0,0,-77.999892
2026-04-10 09:44:40.772,0.000000,0.000000,0,0,0,0,0,0,-77.999892
2026-04-10 09:44:40.811,0.000000,0.000000,0,0,0,0,0,0,-77.999892
2026-04-10 09:44:40.850,0.000000,0.000000,0,0,0,0,0,0,-77.999892
2026-04-10 09:44:40.889,0.000000,0.000000,0,0,0,0,0,0,-77.999892
2026-04-10 09:44:40.934,0.000000,0.000000,0,0,0,0,0,0,-77.999892
2026-04-10 09:44:40.972,0.000000,0.000000,0,0,0,0,0,0,-77.999892
2026-04-10 09:44:41.012,0.000000,0.000000,0,0,0,0,0,0,-77.999892
2026-04-10 09:44:41.051,0.000000,0.000000,0,0,0,0,0,0,-77.999892
2026-04-10 09:44:41.086,0.000000,0.000000,0,0,0,0,0,0,-77.999892
2026-04-10 09:44:41.114,0.000000,0.000000,0,0,0,0,0,0,-77.999892
2026-04-10 09:44:41.140,0.000000,0.000000,0,0,0,0,0,0,-77.999892
2026-04-10 09:44:41.172,0.000000,0.000000,0,0,0,0,0,0,-77.999892
2026-04-10 09:44:41.211,0.000000,0.000000,0,0,0,0,0,0,-77.999892
2026-04-10 09:44:41.250,0.000000,0.000000,0,0,0,0,0,0,-77.999892
2026-04-10 09:44:41.304,0.000000,0.000000,0,0,0,0,0,0,-77.999892
2026-04-10 09:44:41.342,0.000000,0.000000,0,0,0,0,0,0,-77.999892
2026-04-10 09:44:41.382,0.000000,0.000000,0,0,0,0,0,0,-77.999892
2026-04-10 09:44:41.421,0.000000,0.000000,0,0,0,0,0,0,-77.999892
2026-04-10 09:44:41.458,0.000000,0.000000,0,0,0,0,0,0,-77.999892
2026-04-10 09:44:41.487,0.000000,0.000000,0,0,0,0,0,0,-77.999892
2026-04-10 09:44:41.513,0.000000,0.000000,0,0,0,0,0,0,-77.999892
2026-04-10 09:44:41.548,0.000000,0.000000,0,0,0,0,0,0,-77.999892
2026-04-10 09:44:41.587,0.000000,0.000000,0,0,0,0,0,0,-77.999892
2026-04-10 09:44:41.626,0.000000,0.000000,0,0,0,0,0,0,-77.999892
2026-04-10 09:44:41.671,0.000000,0.000000,0,0,0,0,0,0,-77.999892
2026-04-10 09:44:41.709,0.000000,0.000000,0,0,0,0,0,0,-77.999892
2026-04-10 09:44:41.749,0.000000,0.000000,0,0,0,0,0,0,-77.999892
2026-04-10 09:44:41.788,0.000000,0.000000,0,0,0,0,0,0,-77.999892
2026-04-10 09:44:41.824,0.000000,0.000000,0,0,0,0,0,0,-77.999892
2026-04-10 09:44:41.852,0.000000,0.000000,0,0,0,0,0,0,-77.999892
2026-04-10 09:44:41.878,0.000000,0.000000,0,0,0,0,0,0,-77.999892
2026-04-10 09:44:41.904,0.000000,0.000000,0,0,0,0,0,0,-77.999892
2026-04-10 09:44:41.930,0.000000,0.000000,0,0,0,0,0,0,-77.999892
2026-04-10 09:44:41.956,0.000000,0.000000,0,0,0,0,0,0,-77.999892
2026-04-10 09:44:41.996,0.000000,0.000000,0,0,0,0,0,0,-77.999892
2026-04-10 09:44:42.025,0.000000,0.000000,0,0,0,0,0,0,-77.999892
2026-04-10 09:44:42.064,0.000000,0.000000,0,0,0,0,0,0,-77.999892
2026-04-10 09:44:42.103,0.000000,0.000000,0,0,0,0,0,0,-77.999892
2026-04-10 09:44:42.142,0.000000,0.000000,0,0,0,0,0,0,-77.999892
2026-04-10 09:44:42.183,0.000000,0.000000,0,0,0,0,0,0,-77.999892
2026-04-10 09:44:42.210,0.000000,0.000000,0,0,0,0,0,0,-77.999892
2026-04-10 09:44:42.236,0.000000,0.000000,0,0,0,0,0,0,-77.999892
2026-04-10 09:44:42.262,0.000000,0.000000,0,0,0,0,0,0,-77.999892
2026-04-10 09:44:42.288,0.000000,0.000000,0,0,0,0,0,0,-77.999892
2026-04-10 09:44:42.318,0.000000,0.000000,0,0,0,0,0,0,-77.999892
2026-04-10 09:44:42.344,0.000000,0.000000,0,0,0,0,0,0,-77.999892
2026-04-10 09:44:42.370,0.000000,0.000000,0,0,0,0,0,0,-77.999892
2026-04-10 09:44:42.405,0.000000,0.000000,0,0,0,0,0,0,-77.999892
2026-04-10 09:44:42.444,0.000000,0.000000,0,0,0,0,0,0,-77.999892
2026-04-10 09:44:42.486,0.000000,0.000000,0,0,0,0,0,0,-77.999892
2026-04-10 09:44:42.525,0.000000,0.000000,0,0,0,0,0,0,-77.999892
2026-04-10 09:44:42.560,0.000000,0.000000,0,0,0,0,0,0,-77.999892
2026-04-10 09:44:42.586,0.000000,0.000000,0,0,0,0,0,0,-77.999892
2026-04-10 09:44:42.612,0.000000,0.000000,0,0,0,0,0,0,-77.999892
2026-04-10 09:44:42.648,0.000000,0.000000,0,0,0,0,0,0,-77.999892
2026-04-10 09:44:42.674,0.000000,0.000000,0,0,0,0,0,0,-77.999892
2026-04-10 09:44:42.700,0.000000,0.000000,0,0,0,0,0,0,-77.999892
2026-04-10 09:44:42.726,0.000000,0.000000,0,0,0,0,0,0,-77.999892
2026-04-10 09:44:42.753,0.000000,0.000000,0,0,0,0,0,0,-77.999892
2026-04-10 09:44:42.794,0.000000,0.000000,0,0,0,0,0,0,-77.999892
2026-04-10 09:44:42.832,0.000000,0.000000,0,0,0,0,0,0,-77.999892
2026-04-10 09:44:42.871,0.000000,0.000000,0,0,0,0,0,0,-77.999892
2026-04-10 09:44:42.910,0.000000,0.000000,0,0,0,0,0,0,-77.999892
2026-04-10 09:44:42.940,0.000000,0.000000,0,0,0,0,0,0,-77.999892
2026-04-10 09:44:42.971,0.000000,0.000000,0,0,0,0,0,0,-77.999892
2026-04-10 09:44:42.997,0.000000,0.000000,0,0,0,0,0,0,-77.999892
2026-04-10 09:44:43.023,0.000000,0.000000,0,0,0,0,0,0,-77.999892
2026-04-10 09:44:43.049,0.000000,0.000000,0,0,0,0,0,0,-77.999892
2026-04-10 09:44:43.075,0.000000,0.000000,0,0,0,0,0,0,-77.999892
2026-04-10 09:44:43.103,0.000000,0.000000,0,0,0,0,0,0,-77.999892
2026-04-10 09:44:43.130,0.000000,0.000000,0,0,0,0,0,0,-77.999892
2026-04-10 09:44:43.168,0.000000,0.000000,0,0,0,0,0,0,-77.999892
2026-04-10 09:44:43.206,0.000000,0.000000,0,0,0,0,0,0,-77.999892
2026-04-10 09:44:43.246,0.000000,0.000000,0,0,0,0,0,0,-77.999892
2026-04-10 09:44:43.296,0.000000,0.000000,0,0,0,0,0,0,-77.999892
2026-04-10 09:44:43.322,0.000000,0.000000,0,0,0,0,0,0,-77.999892
2026-04-10 09:44:43.348,0.000000,0.000000,0,0,0,0,0,0,-77.999892
2026-04-10 09:44:43.374,0.000000,0.000000,0,0,0,0,0,0,-77.999892
2026-04-10 09:44:43.400,0.000000,0.000000,0,0,0,0,0,0,-77.999892
2026-04-10 09:44:43.428,0.000000,0.000000,0,0,0,0,0,0,-77.999892
2026-04-10 09:44:43.454,0.000000,0.000000,0,0,0,0,0,0,-77.999892
2026-04-10 09:44:43.480,0.000000,0.000000,0,0,0,0,0,0,-77.999892
2026-04-10 09:44:43.513,0.000000,0.000000,0,0,0,0,0,0,-77.999892
2026-04-10 09:44:43.552,0.000000,0.000000,0,0,0,0,0,0,-77.999892
2026-04-10 09:44:43.602,0.000000,0.000000,0,0,0,0,0,0,-77.999892
2026-04-10 09:44:43.641,0.000000,0.000000,0,0,0,0,0,0,-77.999892
2026-04-10 09:44:43.673,0.000000,0.000000,0,0,0,0,0,0,-77.999892
2026-04-10 09:44:43.699,0.000000,0.000000,0,0,0,0,0,0,-77.999892
2026-04-10 09:44:43.725,0.000000,0.000000,0,0,0,0,0,0,-77.999892
2026-04-10 09:44:43.753,0.000000,0.000000,0,0,0,0,0,0,-77.999892
2026-04-10 09:44:43.779,0.000000,0.000000,0,0,0,0,0,0,-77.999892
2026-04-10 09:44:43.805,0.000000,0.000000,0,0,0,0,0,0,-77.999892
2026-04-10 09:44:43.831,0.000000,0.000000,0,0,0,0,0,0,-77.999892
2026-04-10 09:44:43.857,0.000000,0.000000,0,0,0,0,0,0,-77.999892
2026-04-10 09:44:43.910,0.000000,0.000000,0,0,0,0,0,0,-77.999892
2026-04-10 09:44:43.949,0.000000,0.000000,0,0,0,0,0,0,-77.999892
2026-04-10 09:44:43.988,0.000000,0.000000,0,0,0,0,0,0,-77.999892
2026-04-10 09:44:44.027,0.000000,0.000000,0,0,0,0,0,0,-77.999892
2026-04-10 09:44:44.055,0.000000,0.000000,0,0,0,0,0,0,-77.999892
2026-04-10 09:44:44.083,0.000000,0.000000,0,0,0,0,0,0,-77.999892
2026-04-10 09:44:44.109,0.000000,0.000000,0,0,0,0,0,0,-77.999892
2026-04-10 09:44:44.135,0.000000,0.000000,0,0,0,0,0,0,-77.999892
2026-04-10 09:44:44.161,0.000000,0.000000,0,0,0,0,0,0,-77.999892
2026-04-10 09:44:44.187,0.000000,0.000000,0,0,0,0,0,0,-77.999892
2026-04-10 09:44:44.217,0.000000,0.000000,0,0,0,0,0,0,-77.999892
2026-04-10 09:44:44.251,0.000000,0.000000,0,0,0,0,0,0,-77.999892
2026-04-10 09:44:44.290,0.000000,0.000000,0,0,0,0,0,0,-77.999892
2026-04-10 09:44:44.328,0.000000,0.000000,0,0,0,0,0,0,-77.999892
2026-04-10 09:44:44.368,0.000000,0.000000,0,0,0,0,0,0,-77.999892
2026-04-10 09:44:44.405,0.000000,0.000000,0,0,0,0,0,0,-77.999892
2026-04-10 09:44:44.431,0.000000,0.000000,0,0,0,0,0,0,-77.999892
2026-04-10 09:44:44.457,0.000000,0.000000,0,0,0,0,0,0,-77.999892
