tick_ms,axis1_pos_abs_mm,axis2_pos_abs_mm,fn_1_raw_v,ft_1_raw_v,fn_1_zero_v,ft_1_zero_v
176878437,-63.2037,3.3674,0.000000,0.000000,0.000000,0.000000
176878468,-63.2037,3.3674,0.000000,0.000000,0.000000,0.000000
176878500,-63.2037,3.3674,0.000000,0.000000,0.000000,0.000000
176878546,-63.2037,3.3674,0.000000,0.000000,0.000000,0.000000
176878578,-63.2037,3.3674,0.000000,0.000000,0.000000,0.000000
176878609,-63.2037,3.3674,0.000000,0.000000,0.000000,0.000000
176878640,-63.2037,3.3674,0.000000,0.000000,0.000000,0.000000
176878671,-63.2037,3.3674,0.000000,0.000000,0.000000,0.000000
176878718,-63.2037,3.3674,0.000000,0.000000,0.000000,0.000000
176878750,-63.2037,3.3674,0.000000,0.000000,0.000000,0.000000
176878781,-63.2037,3.3674,0.000000,0.000000,0.000000,0.000000
176878812,-63.2037,3.3674,0.000000,0.000000,0.000000,0.000000
176878843,-63.2037,3.3674,0.000000,0.000000,0.000000,0.000000
176878875,-63.2037,3.3674,0.000000,0.000000,0.000000,0.000000
176878906,-63.2037,3.3674,0.000000,0.000000,0.000000,0.000000
176878937,-63.2037,3.3674,0.000000,0.000000,0.000000,0.000000
176878968,-63.2037,3.3674,0.000000,0.000000,0.000000,0.000000
176879015,-63.2037,3.3674,0.000000,0.000000,0.000000,0.000000
176879046,-63.2037,3.3674,0.000000,0.000000,0.000000,0.000000
176879078,-63.2037,3.3674,0.000000,0.000000,0.000000,0.000000
176879109,-63.2037,3.3674,0.000000,0.000000,0.000000,0.000000
176879140,-63.2037,3.3674,0.000000,0.000000,0.000000,0.000000
176879171,-63.2037,3.3674,0.000000,0.000000,0.000000,0.000000
176879218,-63.2037,3.3674,0.000000,0.000000,0.000000,0.000000
176879250,-63.2037,3.3674,0.000000,0.000000,0.000000,0.000000
176879281,-63.2037,3.3674,0.000000,0.000000,0.000000,0.000000
176879312,-63.2037,3.3674,0.000000,0.000000,0.000000,0.000000
176879343,-63.2037,3.3674,0.000000,0.000000,0.000000,0.000000
176879406,-63.2037,3.3674,0.000000,0.000000,0.000000,0.000000
176879421,-63.2037,3.3674,0.000000,0.000000,0.000000,0.000000
176879468,-63.2037,3.3674,0.000000,0.000000,0.000000,0.000000
176879484,-63.2037,3.3674,0.000000,0.000000,0.000000,0.000000
176879531,-63.2037,3.3674,0.000000,0.000000,0.000000,0.000000
176879578,-63.2037,3.3674,0.000000,0.000000,0.000000,0.000000
176879609,-63.2037,3.3674,0.000000,0.000000,0.000000,0.000000
176879640,-63.2037,3.3674,0.000000,0.000000,0.000000,0.000000
176879687,-63.2037,3.3674,0.000000,0.000000,0.000000,0.000000
176879718,-63.2037,3.3674,0.000000,0.000000,0.000000,0.000000
176879750,-63.2037,3.3674,0.000000,0.000000,0.000000,0.000000
176879796,-63.2037,3.3674,0.000000,0.000000,0.000000,0.000000
176879828,-63.2037,3.3674,0.000000,0.000000,0.000000,0.000000
176879859,-63.2037,3.3674,0.000000,0.000000,0.000000,0.000000
176879906,-63.2037,3.3674,0.000000,0.000000,0.000000,0.000000
176879937,-63.2037,3.3674,0.000000,0.000000,0.000000,0.000000
176879968,-63.2037,3.3674,0.000000,0.000000,0.000000,0.000000
176880062,-63.2037,3.3674,0.000000,0.000000,0.000000,0.000000
176880093,-63.2037,3.3674,0.000000,0.000000,0.000000,0.000000
176880125,-63.2037,3.3674,0.000000,0.000000,0.000000,0.000000
176880171,-63.2037,3.3674,0.000000,0.000000,0.000000,0.000000
176880203,-63.2037,3.3674,0.000000,0.000000,0.000000,0.000000
176880234,-63.2037,3.3674,0.000000,0.000000,0.000000,0.000000
176880250,-63.2037,3.3674,0.000000,0.000000,0.000000,0.000000
176880281,-63.2037,3.3674,0.000000,0.000000,0.000000,0.000000
176880328,-63.2037,3.3674,0.000000,0.000000,0.000000,0.000000
176880359,-63.2037,3.3674,0.000000,0.000000,0.000000,0.000000
176880390,-63.2037,3.3674,0.000000,0.000000,0.000000,0.000000
176880421,-63.2037,3.3674,0.000000,0.000000,0.000000,0.000000
176880453,-63.2037,3.3674,0.000000,0.000000,0.000000,0.000000
176880484,-63.2037,3.3674,0.000000,0.000000,0.000000,0.000000
176880515,-63.2037,3.3674,0.000000,0.000000,0.000000,0.000000
176880546,-63.2037,3.3674,0.000000,0.000000,0.000000,0.000000
176880593,-63.2037,3.3674,0.000000,0.000000,0.000000,0.000000
176880625,-63.2037,3.3674,0.000000,0.000000,0.000000,0.000000
176880671,-63.2037,3.3674,0.000000,0.000000,0.000000,0.000000
176880703,-63.2037,3.3674,0.000000,0.000000,0.000000,0.000000
176880750,-63.2037,3.3674,0.000000,0.000000,0.000000,0.000000
176880781,-63.2037,3.3674,0.000000,0.000000,0.000000,0.000000
176880828,-63.2037,3.3674,0.000000,0.000000,0.000000,0.000000
176880906,-63.2037,3.3674,0.000000,0.000000,0.000000,0.000000
176880937,-63.2037,3.3674,0.000000,0.000000,0.000000,0.000000
176880984,-63.2037,3.3674,0.000000,0.000000,0.000000,0.000000
176881015,-63.2037,3.3674,0.000000,0.000000,0.000000,0.000000
176881062,-63.2037,3.3674,0.000000,0.000000,0.000000,0.000000
176881109,-63.2037,3.3674,0.000000,0.000000,0.000000,0.000000
176881140,-63.2037,3.3674,0.000000,0.000000,0.000000,0.000000
176881171,-63.2037,3.3674,0.000000,0.000000,0.000000,0.000000
176881203,-63.2037,3.3674,0.000000,0.000000,0.000000,0.000000
176881250,-63.2037,3.3674,0.000000,0.000000,0.000000,0.000000
176881296,-63.2037,3.3674,0.000000,0.000000,0.000000,0.000000
176881328,-63.2037,3.3674,0.000000,0.000000,0.000000,0.000000
176881375,-63.2037,3.3674,0.000000,0.000000,0.000000,0.000000
176881406,-63.2037,3.3674,0.000000,0.000000,0.000000,0.000000
176881453,-63.2037,3.3674,0.000000,0.000000,0.000000,0.000000
176881500,-63.2037,3.3674,0.000000,0.000000,0.000000,0.000000
176881531,-63.2037,3.3674,0.000000,0.000000,0.000000,0.000000
176881562,-63.2037,3.3674,0.000000,0.000000,0.000000,0.000000
176881593,-63.2037,3.3674,0.000000,0.000000,0.000000,0.000000
176881625,-63.2037,3.3674,0.000000,0.000000,0.000000,0.000000
176881671,-63.2037,3.3674,0.000000,0.000000,0.000000,0.000000
176881703,-63.2037,3.3674,0.000000,0.000000,0.000000,0.000000
176881750,-63.2037,3.3674,0.000000,0.000000,0.000000,0.000000
176881781,-63.2037,3.3674,0.000000,0.000000,0.000000,0.000000
176881828,-63.2037,3.3674,0.000000,0.000000,0.000000,0.000000
176881875,-63.2037,3.3674,0.000000,0.000000,0.000000,0.000000
176881906,-63.2037,3.3674,0.000000,0.000000,0.000000,0.000000
176881953,-63.2037,3.3674,0.000000,0.000000,0.000000,0.000000
176882000,-63.2037,3.3674,0.000000,0.000000,0.000000,0.000000
176882031,-63.2037,3.3674,0.000000,0.000000,0.000000,0.000000
176882093,-63.2037,3.3674,0.000000,0.000000,0.000000,0.000000
176882125,-63.2037,3.3674,0.000000,0.000000,0.000000,0.000000
176882171,-63.2037,3.3674,0.000000,0.000000,0.000000,0.000000
176882203,-63.2037,3.3674,0.000000,0.000000,0.000000,0.000000
176882250,-63.2037,3.3674,0.000000,0.000000,0.000000,0.000000
176882296,-63.2037,3.3674,0.000000,0.000000,0.000000,0.000000
176882343,-63.2037,3.3674,0.000000,0.000000,0.000000,0.000000
176882390,-63.2037,3.3674,0.000000,0.000000,0.000000,0.000000
176882421,-63.2037,3.3674,0.000000,0.000000,0.000000,0.000000
176882468,-63.2037,3.3674,0.000000,0.000000,0.000000,0.000000
176882531,-63.2037,3.3674,0.000000,0.000000,0.000000,0.000000
176882562,-63.2037,3.3674,0.000000,0.000000,0.000000,0.000000
176882593,-63.2037,3.3674,0.000000,0.000000,0.000000,0.000000
176882640,-63.2037,3.3674,0.000000,0.000000,0.000000,0.000000
176882687,-63.2037,3.3674,0.000000,0.000000,0.000000,0.000000
176882734,-63.2037,3.3674,0.000000,0.000000,0.000000,0.000000
176882765,-63.2037,3.3674,0.000000,0.000000,0.000000,0.000000
176882812,-63.2037,3.3674,0.000000,0.000000,0.000000,0.000000
176882843,-63.2037,3.3674,0.000000,0.000000,0.000000,0.000000
176882890,-63.2037,3.3674,0.000000,0.000000,0.000000,0.000000
176882937,-63.2037,3.3674,0.000000,0.000000,0.000000,0.000000
176882968,-63.2037,3.3674,0.000000,0.000000,0.000000,0.000000
176883015,-63.2037,3.3674,0.000000,0.000000,0.000000,0.000000
176883046,-63.2037,3.3674,0.000000,0.000000,0.000000,0.000000
176883093,-63.2037,3.3674,0.000000,0.000000,0.000000,0.000000
176883125,-63.2037,3.3674,0.000000,0.000000,0.000000,0.000000
176883156,-63.2037,3.3674,0.000000,0.000000,0.000000,0.000000
176883203,-63.2037,3.3674,0.000000,0.000000,0.000000,0.000000
176883234,-63.2037,3.3674,0.000000,0.000000,0.000000,0.000000
176883281,-63.2037,3.3674,0.000000,0.000000,0.000000,0.000000
176883343,-63.2037,3.3674,0.000000,0.000000,0.000000,0.000000
176883390,-63.2037,3.3674,0.000000,0.000000,0.000000,0.000000
176883421,-63.2442,3.6702,0.000000,0.000000,0.000000,0.000000
176883453,-63.4446,4.2732,0.000000,0.000000,0.000000,0.000000
176883484,-63.8396,5.3271,0.000000,0.000000,0.000000,0.000000
176883531,-64.4456,7.0919,0.000000,0.000000,0.000000,0.000000
176883562,-64.8491,8.2340,0.000000,0.000000,0.000000,0.000000
176883609,-65.4274,9.3652,0.000000,0.000000,0.000000,0.000000
176883640,-66.0219,10.2652,0.000000,0.000000,0.000000,0.000000
176883671,-66.4174,10.7922,0.000000,0.000000,0.000000,0.000000
176883703,-66.8675,11.4379,0.000000,0.000000,0.000000,0.000000
176883750,-67.1467,11.8557,0.000000,0.000000,0.000000,0.000000
176883781,-67.3971,12.3053,0.000000,0.000000,0.000000,0.000000
176883812,-67.5190,12.6726,0.000000,0.000000,0.000000,0.000000
176883843,-67.5510,12.8930,0.000000,0.000000,0.000000,0.000000
176883890,-67.5874,13.1459,0.000000,0.000000,0.000000,0.000000
176883921,-67.7281,13.3094,0.000000,0.000000,0.000000,0.000000
176883968,-68.0657,13.4627,0.000000,0.000000,0.000000,0.000000
176883984,-68.6096,13.5873,0.000000,0.000000,0.000000,0.000000
176884031,-69.3305,13.7016,0.000000,0.000000,0.000000,0.000000
176884062,-70.5185,13.9130,0.000000,0.000000,0.000000,0.000000
176884109,-71.5017,14.0830,0.000000,0.000000,0.000000,0.000000
176884140,-72.3108,14.2133,0.000000,0.000000,0.000000,0.000000
176884171,-73.3614,14.3812,0.000000,0.000000,0.000000,0.000000
176884203,-74.3520,14.5454,0.000000,0.000000,0.000000,0.000000
176884250,-75.0373,14.6508,0.000000,0.000000,0.000000,0.000000
176884281,-75.9311,14.7856,0.000000,0.000000,0.000000,0.000000
176884312,-76.7557,14.9408,0.000000,0.000000,0.000000,0.000000
176884343,-77.5430,15.1184,0.000000,0.000000,0.000000,0.000000
176884375,-78.3102,15.2800,0.000000,0.000000,0.000000,0.000000
176884421,-79.3951,15.5329,0.000000,0.000000,0.000000,0.000000
176884453,-80.0958,15.6619,0.000000,0.000000,0.000000,0.000000
176884500,-80.9944,15.8050,0.000000,0.000000,0.000000,0.000000
176884531,-82.0145,15.9398,0.000000,0.000000,0.000000,0.000000
176884562,-82.9548,16.0745,0.000000,0.000000,0.000000,0.000000
176884593,-83.7738,16.1633,0.000000,0.000000,0.000000,0.000000
176884625,-84.6369,16.2738,0.000000,0.000000,0.000000,0.000000
176884671,-85.7589,16.3511,0.000000,0.000000,0.000000,0.000000
176884703,-86.9895,16.4718,0.000000,0.000000,0.000000,0.000000
176884734,-87.8829,16.5114,0.000000,0.000000,0.000000,0.000000
176884796,-88.5662,16.5747,0.000000,0.000000,0.000000,0.000000
176884812,-89.1726,16.6386,0.000000,0.000000,0.000000,0.000000
176884859,-89.7215,16.6654,0.000000,0.000000,0.000000,0.000000
176884890,-90.6192,16.7133,0.000000,0.000000,0.000000,0.000000
176884921,-91.3712,16.7855,0.000000,0.000000,0.000000,0.000000
176884968,-92.0347,16.8762,0.000000,0.000000,0.000000,0.000000
176885000,-92.5499,16.9158,0.000000,0.000000,0.000000,0.000000
176885031,-93.1169,16.9841,0.000000,0.000000,0.000000,0.000000
176885078,-93.7072,17.0901,0.000000,0.000000,0.000000,0.000000
176885109,-94.2764,17.1693,0.000000,0.000000,0.000000,0.000000
176885156,-94.7462,17.2645,0.000000,0.000000,0.000000,0.000000
176885187,-95.1473,17.3393,0.000000,0.000000,0.000000,0.000000
176885234,-95.5376,17.3942,0.000000,0.000000,0.000000,0.000000
176885265,-95.9393,17.4721,0.000000,0.000000,0.000000,0.000000
176885296,-96.4297,17.5673,0.000000,0.000000,0.000000,0.000000
176885343,-96.8859,17.6522,0.000000,0.000000,0.000000,0.000000
176885375,-97.2347,17.7449,0.000000,0.000000,0.000000,0.000000
176885406,-97.6109,17.8011,0.000000,0.000000,0.000000,0.000000
176885437,-98.0649,17.8956,0.000000,0.000000,0.000000,0.000000
176885468,-98.4410,17.9607,0.000000,0.000000,0.000000,0.000000
176885531,-98.8695,18.0176,0.000000,0.000000,0.000000,0.000000
176885562,-99.3545,18.1013,0.000000,0.000000,0.000000,0.000000
176885593,-99.7036,18.1377,0.000000,0.000000,0.000000,0.000000
176885625,-100.0708,18.1696,0.000000,0.000000,0.000000,0.000000
176885671,-100.3919,18.2016,0.000000,0.000000,0.000000,0.000000
176885703,-100.8613,18.2501,0.000000,0.000000,0.000000,0.000000
176885734,-101.1062,18.2808,0.000000,0.000000,0.000000,0.000000
176885765,-101.4042,18.3057,0.000000,0.000000,0.000000,0.000000
176885796,-101.7195,18.3204,0.000000,0.000000,0.000000,0.000000
176885828,-102.0543,18.3312,0.000000,0.000000,0.000000,0.000000
176885875,-102.4709,18.3440,0.000000,0.000000,0.000000,0.000000
176885921,-102.7736,18.3574,0.000000,0.000000,0.000000,0.000000
176885953,-102.9238,18.3695,0.000000,0.000000,0.000000,0.000000
176885984,-102.7909,18.3785,0.000000,0.000000,0.000000,0.000000
176886015,-102.7746,18.3830,0.000000,0.000000,0.000000,0.000000
176886062,-102.7744,18.3849,0.000000,0.000000,0.000000,0.000000
176886203,-102.7743,18.3862,0.000000,0.000000,0.000000,0.000000
176886250,-97.8294,18.3996,0.000000,0.000000,0.000000,0.000000
176886312,-91.9097,18.4226,0.000000,0.000000,0.000000,0.000000
176886359,-88.1605,18.4283,0.000000,0.000000,0.000000,0.000000
176886406,-87.9694,18.4347,0.000000,0.000000,0.000000,0.000000
176886453,-87.9869,18.4385,0.000000,0.000000,0.000000,0.000000
176886484,-87.9810,18.4392,0.000000,0.000000,0.000000,0.000000
176886562,-87.9770,18.4392,0.000000,0.000000,0.000000,0.000000
176886609,-87.9801,18.4392,0.000000,0.000000,0.000000,0.000000
176886640,-87.9657,18.4385,0.000000,0.000000,0.000000,0.000000
176886687,-87.9651,18.4385,0.000000,0.000000,0.000000,0.000000
176886734,-87.9643,18.4385,0.000000,0.000000,0.000000,0.000000
176886765,-87.9638,18.4385,0.000000,0.000000,0.000000,0.000000
176886812,-87.9821,18.4392,0.000000,0.000000,0.000000,0.000000
176886859,-88.2770,18.4392,0.000000,0.000000,0.000000,0.000000
176886906,-88.7457,18.4392,0.000000,0.000000,0.000000,0.000000
176886937,-89.4175,18.4392,0.000000,0.000000,0.000000,0.000000
176886968,-90.0643,18.4392,0.000000,0.000000,0.000000,0.000000
176887015,-90.8185,18.4398,0.000000,0.000000,0.000000,0.000000
176887062,-91.5666,18.4398,0.000000,0.000000,0.000000,0.000000
176887093,-92.1555,18.4404,0.000000,0.000000,0.000000,0.000000
176887140,-92.6469,18.4404,0.000000,0.000000,0.000000,0.000000
176887171,-93.1298,18.4404,0.000000,0.000000,0.000000,0.000000
176887203,-93.5757,18.4411,0.000000,0.000000,0.000000,0.000000
176887265,-94.0962,18.4411,0.000000,0.000000,0.000000,0.000000
176887296,-94.5077,18.4411,0.000000,0.000000,0.000000,0.000000
176887343,-94.7904,18.4417,0.000000,0.000000,0.000000,0.000000
176887375,-95.0713,18.4417,0.000000,0.000000,0.000000,0.000000
176887421,-95.3312,18.4424,0.000000,0.000000,0.000000,0.000000
176887468,-95.5493,18.4424,0.000000,0.000000,0.000000,0.000000
176887515,-95.7025,18.4430,0.000000,0.000000,0.000000,0.000000
176887562,-95.8004,18.4430,0.000000,0.000000,0.000000,0.000000
176887593,-95.8782,18.4436,0.000000,0.000000,0.000000,0.000000
176887640,-95.9455,18.4436,0.000000,0.000000,0.000000,0.000000
176887687,-96.0015,18.4443,0.000000,0.000000,0.000000,0.000000
176887734,-96.0437,18.4443,0.000000,0.000000,0.000000,0.000000
176887781,-96.0743,18.4449,0.000000,0.000000,0.000000,0.000000
176887812,-96.1012,18.4449,0.000000,0.000000,0.000000,0.000000
176887859,-96.1095,18.4456,0.000000,0.000000,0.000000,0.000000
176887906,-96.1116,18.4456,0.000000,0.000000,0.000000,0.000000
176887953,-96.1119,18.4462,0.000000,0.000000,0.000000,0.000000
176887984,-96.1119,18.4462,0.000000,0.000000,0.000000,0.000000
176888031,-96.1119,18.4462,0.000000,0.000000,0.000000,0.000000
176888078,-96.1248,18.4468,0.000000,0.000000,0.000000,0.000000
176888125,-96.1636,18.4468,0.000000,0.000000,0.000000,0.000000
176888171,-96.2103,18.4475,0.000000,0.000000,0.000000,0.000000
176888203,-96.2438,18.4475,0.000000,0.000000,0.000000,0.000000
176888250,-96.2918,18.4481,0.000000,0.000000,0.000000,0.000000
176888296,-96.3278,18.4481,0.000000,0.000000,0.000000,0.000000
176888343,-96.3685,18.4481,0.000000,0.000000,0.000000,0.000000
176888375,-96.4020,18.4487,0.000000,0.000000,0.000000,0.000000
176888421,-96.4317,18.4487,0.000000,0.000000,0.000000,0.000000
176888453,-96.4542,18.4487,0.000000,0.000000,0.000000,0.000000
176888500,-96.4646,18.4487,0.000000,0.000000,0.000000,0.000000
176888546,-96.4662,18.4494,0.000000,0.000000,0.000000,0.000000
176888578,-96.4665,18.4494,0.000000,0.000000,0.000000,0.000000
176888593,-96.4665,18.4494,0.000000,0.000000,0.000000,0.000000
176888640,-96.4665,18.4494,0.000000,0.000000,0.000000,0.000000
176888671,-96.4665,18.4500,0.000000,0.000000,0.000000,0.000000
176888703,-96.4665,18.4500,0.000000,0.000000,0.000000,0.000000
176888734,-96.4663,18.4500,0.000000,0.000000,0.000000,0.000000
176888765,-96.4663,18.4500,0.000000,0.000000,0.000000,0.000000
176888812,-96.4662,18.4500,0.000000,0.000000,0.000000,0.000000
176888843,-96.4662,18.4507,0.000000,0.000000,0.000000,0.000000
176888890,-96.4660,18.4507,0.000000,0.000000,0.000000,0.000000
176888937,-96.4660,18.4507,0.000000,0.000000,0.000000,0.000000
176888968,-96.4660,18.4507,0.000000,0.000000,0.000000,0.000000
176889015,-96.4660,18.4507,0.000000,0.000000,0.000000,0.000000
176889046,-96.4659,18.4513,0.000000,0.000000,0.000000,0.000000
176889078,-96.4659,18.4513,0.000000,0.000000,0.000000,0.000000
176889109,-96.4659,18.4513,0.000000,0.000000,0.000000,0.000000
176889140,-96.4659,18.4513,0.000000,0.000000,0.000000,0.000000
176889171,-96.4659,18.4513,0.000000,0.000000,0.000000,0.000000
176889203,-96.4659,18.4519,0.000000,0.000000,0.000000,0.000000
176889265,-96.4659,18.4519,0.000000,0.000000,0.000000,0.000000
176889296,-96.4659,18.4519,0.000000,0.000000,0.000000,0.000000
176889328,-96.4659,18.4519,0.000000,0.000000,0.000000,0.000000
176889375,-96.4659,18.4519,0.000000,0.000000,0.000000,0.000000
176889406,-96.4659,18.4526,0.000000,0.000000,0.000000,0.000000
176889453,-96.4659,18.4526,0.000000,0.000000,0.000000,0.000000
176889484,-96.4659,18.4526,0.000000,0.000000,0.000000,0.000000
176889515,-96.4659,18.4526,0.000000,0.000000,0.000000,0.000000
176889546,-96.4659,18.4526,0.000000,0.000000,0.000000,0.000000
176889593,-96.4659,18.4526,0.000000,0.000000,0.000000,0.000000
176889656,-96.4659,18.4526,0.000000,0.000000,0.000000,0.000000
176889703,-96.4659,18.4526,0.000000,0.000000,0.000000,0.000000
176889750,-96.4659,18.4526,0.000000,0.000000,0.000000,0.000000
176889781,-96.4659,18.4532,0.000000,0.000000,0.000000,0.000000
176889828,-96.4659,18.4532,0.000000,0.000000,0.000000,0.000000
176889875,-96.4659,18.4532,0.000000,0.000000,0.000000,0.000000
176889921,-96.4659,18.4532,0.000000,0.000000,0.000000,0.000000
176889953,-96.4659,18.4532,0.000000,0.000000,0.000000,0.000000
176890000,-96.4659,18.4532,0.000000,0.000000,0.000000,0.000000
176890046,-96.4659,18.4532,0.000000,0.000000,0.000000,0.000000
176890093,-96.4659,18.4539,0.000000,0.000000,0.000000,0.000000
176890125,-96.4659,18.4539,0.000000,0.000000,0.000000,0.000000
176890171,-96.4659,18.4539,0.000000,0.000000,0.000000,0.000000
176890203,-96.4659,18.4539,0.000000,0.000000,0.000000,0.000000
176890250,-96.4659,18.4539,0.000000,0.000000,0.000000,0.000000
176890296,-96.4659,18.4539,0.000000,0.000000,0.000000,0.000000
176890343,-96.4659,18.4539,0.000000,0.000000,0.000000,0.000000
176890375,-96.4659,18.4539,0.000000,0.000000,0.000000,0.000000
176890406,-96.4659,18.4539,0.000000,0.000000,0.000000,0.000000
176890453,-96.4659,18.4539,0.000000,0.000000,0.000000,0.000000
176890515,-96.4659,18.4539,0.000000,0.000000,0.000000,0.000000
176890546,-96.4659,18.4545,0.000000,0.000000,0.000000,0.000000
176890593,-96.4659,18.4545,0.000000,0.000000,0.000000,0.000000
176890640,-96.4659,18.4545,0.000000,0.000000,0.000000,0.000000
176890687,-96.4659,18.4545,0.000000,0.000000,0.000000,0.000000
176890734,-96.4659,18.4545,0.000000,0.000000,0.000000,0.000000
176890765,-96.4659,18.4545,0.000000,0.000000,0.000000,0.000000
176890812,-96.4659,18.4545,0.000000,0.000000,0.000000,0.000000
176890859,-96.4659,18.4545,0.000000,0.000000,0.000000,0.000000
176890906,-96.4659,18.4545,0.000000,0.000000,0.000000,0.000000
176890953,-96.4659,18.4545,0.000000,0.000000,0.000000,0.000000
176890984,-96.4659,18.4545,0.000000,0.000000,0.000000,0.000000
176891031,-96.4659,18.4545,0.000000,0.000000,0.000000,0.000000
176891062,-96.4659,18.4545,0.000000,0.000000,0.000000,0.000000
176891109,-96.4659,18.4545,0.000000,0.000000,0.000000,0.000000
176891156,-96.4659,18.4545,0.000000,0.000000,0.000000,0.000000
176891187,-96.4659,18.4545,0.000000,0.000000,0.000000,0.000000
176891234,-96.4659,18.4545,0.000000,0.000000,0.000000,0.000000
176891265,-96.4659,18.4545,0.000000,0.000000,0.000000,0.000000
176891312,-96.4659,18.4545,0.000000,0.000000,0.000000,0.000000
176891359,-96.4659,18.4545,0.000000,0.000000,0.000000,0.000000
176891406,-96.4659,18.4545,0.000000,0.000000,0.000000,0.000000
176891453,-96.4659,18.4545,0.000000,0.000000,0.000000,0.000000
176891500,-96.4659,18.4545,0.000000,0.000000,0.000000,0.000000
176891546,-96.4659,18.4545,0.000000,0.000000,0.000000,0.000000
176891578,-96.4659,18.4545,0.000000,0.000000,0.000000,0.000000
176891625,-96.4659,18.4551,0.000000,0.000000,0.000000,0.000000
176891671,-96.4659,18.4551,0.000000,0.000000,0.000000,0.000000
176891718,-96.4804,18.4551,0.000000,0.000000,0.000000,0.000000
176891765,-96.4871,18.4551,0.000000,0.000000,0.000000,0.000000
176891812,-96.5118,18.4551,0.000000,0.000000,0.000000,0.000000
176891859,-96.5339,18.4551,0.000000,0.000000,0.000000,0.000000
176891890,-96.5429,18.4551,0.000000,0.000000,0.000000,0.000000
176891937,-96.5445,18.4551,0.000000,0.000000,0.000000,0.000000
176891984,-96.5446,18.4551,0.000000,0.000000,0.000000,0.000000
176892015,-96.5446,18.4551,0.000000,0.000000,0.000000,0.000000
176892062,-96.5448,18.4551,0.000000,0.000000,0.000000,0.000000
176892109,-96.5448,18.4551,0.000000,0.000000,0.000000,0.000000
176892140,-96.5448,18.4551,0.000000,0.000000,0.000000,0.000000
176892187,-96.5448,18.4551,0.000000,0.000000,0.000000,0.000000
176892250,-96.5448,18.4551,0.000000,0.000000,0.000000,0.000000
176892281,-96.5448,18.4551,0.000000,0.000000,0.000000,0.000000
176892312,-96.5448,18.4551,0.000000,0.000000,0.000000,0.000000
176892359,-96.5448,18.4551,0.000000,0.000000,0.000000,0.000000
176892406,-96.5448,18.4551,0.000000,0.000000,0.000000,0.000000
176892453,-96.5448,18.4551,0.000000,0.000000,0.000000,0.000000
176892484,-96.5448,18.4551,0.000000,0.000000,0.000000,0.000000
176892531,-96.5448,18.4551,0.000000,0.000000,0.000000,0.000000
176892578,-96.5448,18.4551,0.000000,0.000000,0.000000,0.000000
176892609,-96.5446,18.4551,0.000000,0.000000,0.000000,0.000000
176892671,-96.5446,18.4551,0.000000,0.000000,0.000000,0.000000
176892718,-96.5446,18.4551,0.000000,0.000000,0.000000,0.000000
176892765,-96.5446,18.4551,0.000000,0.000000,0.000000,0.000000
176892796,-96.5446,18.4551,0.000000,0.000000,0.000000,0.000000
176892828,-96.5446,18.4551,0.000000,0.000000,0.000000,0.000000
176892875,-96.5446,18.4551,0.000000,0.000000,0.000000,0.000000
176892906,-96.5446,18.4551,0.000000,0.000000,0.000000,0.000000
176892937,-96.5446,18.4551,0.000000,0.000000,0.000000,0.000000
176892968,-96.5446,18.4551,0.000000,0.000000,0.000000,0.000000
176893015,-96.5446,18.4551,0.000000,0.000000,0.000000,0.000000
176893062,-96.5446,18.4551,0.000000,0.000000,0.000000,0.000000
176893093,-96.5446,18.4551,0.000000,0.000000,0.000000,0.000000
176893140,-96.5446,18.4551,0.000000,0.000000,0.000000,0.000000
176893171,-96.5446,18.4551,0.000000,0.000000,0.000000,0.000000
176893203,-96.5446,18.4551,0.000000,0.000000,0.000000,0.000000
176893250,-96.5446,18.4551,0.000000,0.000000,0.000000,0.000000
176893296,-96.5446,18.4551,0.000000,0.000000,0.000000,0.000000
176893328,-96.5446,18.4551,0.000000,0.000000,0.000000,0.000000
176893375,-96.5446,18.4551,0.000000,0.000000,0.000000,0.000000
176893406,-96.5446,18.4551,0.000000,0.000000,0.000000,0.000000
176893453,-96.5446,18.4551,0.000000,0.000000,0.000000,0.000000
176893484,-96.5446,18.4551,0.000000,0.000000,0.000000,0.000000
176893531,-96.5446,18.4551,0.000000,0.000000,0.000000,0.000000
176893562,-96.5446,18.4551,0.000000,0.000000,0.000000,0.000000
176893593,-96.5446,18.4551,0.000000,0.000000,0.000000,0.000000
176893625,-96.5446,18.4551,0.000000,0.000000,0.000000,0.000000
176893656,-96.5446,18.4551,0.000000,0.000000,0.000000,0.000000
176893703,-96.5446,18.4551,0.000000,0.000000,0.000000,0.000000
176893734,-96.5446,18.4551,0.000000,0.000000,0.000000,0.000000
176893765,-96.5446,18.4551,0.000000,0.000000,0.000000,0.000000
176893828,-96.5446,18.4551,0.000000,0.000000,0.000000,0.000000
176893859,-96.5446,18.4551,0.000000,0.000000,0.000000,0.000000
176893890,-96.5446,18.4551,0.000000,0.000000,0.000000,0.000000
176893921,-96.5446,18.4551,0.000000,0.000000,0.000000,0.000000
176893968,-96.5446,18.4551,0.000000,0.000000,0.000000,0.000000
176894000,-96.5446,18.4551,0.000000,0.000000,0.000000,0.000000
176894046,-96.5446,18.4551,0.000000,0.000000,0.000000,0.000000
176894078,-96.5446,18.4551,0.000000,0.000000,0.000000,0.000000
176894125,-96.5446,18.4551,0.000000,0.000000,0.000000,0.000000
176894156,-96.5446,18.4551,0.000000,0.000000,0.000000,0.000000
176894203,-96.5446,18.4551,0.000000,0.000000,0.000000,0.000000
176894250,-96.5446,18.4551,0.000000,0.000000,0.000000,0.000000
176894281,-96.5446,18.4551,0.000000,0.000000,0.000000,0.000000
176894312,-96.5446,18.4551,0.000000,0.000000,0.000000,0.000000
176894343,-96.5446,18.4551,0.000000,0.000000,0.000000,0.000000
176894390,-96.5446,18.4558,0.000000,0.000000,0.000000,0.000000
176894421,-96.5446,18.4558,0.000000,0.000000,0.000000,0.000000
176894453,-96.5446,18.4558,0.000000,0.000000,0.000000,0.000000
176894500,-96.5446,18.4558,0.000000,0.000000,0.000000,0.000000
176894531,-96.5446,18.4558,0.000000,0.000000,0.000000,0.000000
176894578,-96.5446,18.4558,0.000000,0.000000,0.000000,0.000000
176894625,-96.5446,18.4558,0.000000,0.000000,0.000000,0.000000
176894656,-96.5446,18.4558,0.000000,0.000000,0.000000,0.000000
176894687,-96.5446,18.4558,0.000000,0.000000,0.000000,0.000000
176894718,-96.5446,18.4558,0.000000,0.000000,0.000000,0.000000
176894765,-96.5446,18.4558,0.000000,0.000000,0.000000,0.000000
176894796,-96.5446,18.4558,0.000000,0.000000,0.000000,0.000000
176894828,-96.5446,18.4558,0.000000,0.000000,0.000000,0.000000
176894875,-96.5446,18.4558,0.000000,0.000000,0.000000,0.000000
176894906,-96.5446,18.4558,0.000000,0.000000,0.000000,0.000000
176894953,-96.5446,18.4558,0.000000,0.000000,0.000000,0.000000
176894984,-96.5446,18.4558,0.000000,0.000000,0.000000,0.000000
176895031,-96.5446,18.4558,0.000000,0.000000,0.000000,0.000000
176895062,-96.5446,18.4558,0.000000,0.000000,0.000000,0.000000
176895093,-96.5446,18.4558,0.000000,0.000000,0.000000,0.000000
176895140,-96.5446,18.4558,0.000000,0.000000,0.000000,0.000000
176895171,-96.5446,18.4558,0.000000,0.000000,0.000000,0.000000
176895203,-96.5446,18.4558,0.000000,0.000000,0.000000,0.000000
176895250,-96.5446,18.4558,0.000000,0.000000,0.000000,0.000000
176895281,-96.5446,18.4558,0.000000,0.000000,0.000000,0.000000
176895343,-96.5446,18.4558,0.000000,0.000000,0.000000,0.000000
176895375,-96.5446,18.4558,0.000000,0.000000,0.000000,0.000000
176895406,-96.5446,18.4558,0.000000,0.000000,0.000000,0.000000
176895437,-96.5446,18.4558,0.000000,0.000000,0.000000,0.000000
176895468,-96.5446,18.4558,0.000000,0.000000,0.000000,0.000000
176895515,-96.5446,18.4558,0.000000,0.000000,0.000000,0.000000
176895562,-96.5446,18.4558,0.000000,0.000000,0.000000,0.000000
176895593,-96.5446,18.4558,0.000000,0.000000,0.000000,0.000000
176895640,-96.5446,18.4558,0.000000,0.000000,0.000000,0.000000
176895687,-96.5446,18.4558,0.000000,0.000000,0.000000,0.000000
176895734,-96.5446,18.4558,0.000000,0.000000,0.000000,0.000000
176895781,-96.5446,18.4558,0.000000,0.000000,0.000000,0.000000
176895812,-96.5446,18.4558,0.000000,0.000000,0.000000,0.000000
176895859,-96.5446,18.4558,0.000000,0.000000,0.000000,0.000000
176895890,-96.5446,18.4558,0.000000,0.000000,0.000000,0.000000
176895937,-96.5446,18.4558,0.000000,0.000000,0.000000,0.000000
176895984,-96.5446,18.4558,0.000000,0.000000,0.000000,0.000000
176896031,-96.5446,18.4558,0.000000,0.000000,0.000000,0.000000
176896078,-96.5446,18.4558,0.000000,0.000000,0.000000,0.000000
176896109,-96.5446,18.4558,0.000000,0.000000,0.000000,0.000000
176896187,-96.5446,18.4558,0.000000,0.000000,0.000000,0.000000
176896218,-96.5446,18.4558,0.000000,0.000000,0.000000,0.000000
176896265,-96.5446,18.4558,0.000000,0.000000,0.000000,0.000000
176896312,-96.5446,18.4558,0.000000,0.000000,0.000000,0.000000
176896359,-96.5446,18.4558,0.000000,0.000000,0.000000,0.000000
176896406,-96.5446,18.4558,0.000000,0.000000,0.000000,0.000000
176896453,-96.5446,18.4558,0.000000,0.000000,0.000000,0.000000
176896484,-96.5446,18.4558,0.000000,0.000000,0.000000,0.000000
176896531,-96.5446,18.4558,0.000000,0.000000,0.000000,0.000000
176896562,-96.5446,18.4558,0.000000,0.000000,0.000000,0.000000
176896625,-96.5446,18.4558,0.000000,0.000000,0.000000,0.000000
176896671,-96.5446,18.4558,0.000000,0.000000,0.000000,0.000000
176896718,-96.5446,18.4558,0.000000,0.000000,0.000000,0.000000
176896750,-96.5446,18.4558,0.000000,0.000000,0.000000,0.000000
176896796,-96.5446,18.4558,0.000000,0.000000,0.000000,0.000000
176896843,-96.5446,18.4558,0.000000,0.000000,0.000000,0.000000
176896890,-96.5446,18.4558,0.000000,0.000000,0.000000,0.000000
176896937,-96.5446,18.4558,0.000000,0.000000,0.000000,0.000000
176896968,-96.5446,18.4558,0.000000,0.000000,0.000000,0.000000
176897015,-96.5446,18.4558,0.000000,0.000000,0.000000,0.000000
176897078,-96.5446,18.4558,0.000000,0.000000,0.000000,0.000000
176897125,-96.5446,18.4558,0.000000,0.000000,0.000000,0.000000
176897171,-96.5446,18.4558,0.000000,0.000000,0.000000,0.000000
176897218,-96.5446,18.4558,0.000000,0.000000,0.000000,0.000000
176897250,-96.5446,18.4558,0.000000,0.000000,0.000000,0.000000
176897296,-96.5446,18.4558,0.000000,0.000000,0.000000,0.000000
176897343,-96.5446,18.4558,0.000000,0.000000,0.000000,0.000000
176897390,-96.5446,18.4558,0.000000,0.000000,0.000000,0.000000
176897421,-96.5446,18.4558,0.000000,0.000000,0.000000,0.000000
176897468,-96.5446,18.4558,0.000000,0.000000,0.000000,0.000000
176897531,-96.5446,18.4558,0.000000,0.000000,0.000000,0.000000
176897562,-96.5446,18.4558,0.000000,0.000000,0.000000,0.000000
176897609,-96.5446,18.4558,0.000000,0.000000,0.000000,0.000000
176897656,-96.5446,18.4558,0.000000,0.000000,0.000000,0.000000
176897703,-96.5446,18.4558,0.000000,0.000000,0.000000,0.000000
176897734,-96.5446,18.4558,0.000000,0.000000,0.000000,0.000000
176897781,-96.5446,18.4558,0.000000,0.000000,0.000000,0.000000
176897828,-96.5446,18.4558,0.000000,0.000000,0.000000,0.000000
176897875,-96.5446,18.4558,0.000000,0.000000,0.000000,0.000000
176897921,-96.5446,18.4558,0.000000,0.000000,0.000000,0.000000
176897968,-96.5446,18.4558,0.000000,0.000000,0.000000,0.000000
176898015,-96.5446,18.4558,0.000000,0.000000,0.000000,0.000000
176898062,-96.5446,18.4558,0.000000,0.000000,0.000000,0.000000
176898093,-96.5446,18.4558,0.000000,0.000000,0.000000,0.000000
176898140,-96.5446,18.4558,0.000000,0.000000,0.000000,0.000000
176898187,-96.5446,18.4558,0.000000,0.000000,0.000000,0.000000
176898218,-96.5446,18.4558,0.000000,0.000000,0.000000,0.000000
176898265,-96.5446,18.4558,0.000000,0.000000,0.000000,0.000000
176898312,-96.5446,18.4558,0.000000,0.000000,0.000000,0.000000
176898343,-96.5446,18.4558,0.000000,0.000000,0.000000,0.000000
176898390,-96.5446,18.4558,0.000000,0.000000,0.000000,0.000000
176898437,-96.5446,18.4558,0.000000,0.000000,0.000000,0.000000
176898468,-96.5446,18.4558,0.000000,0.000000,0.000000,0.000000
176898515,-96.5446,18.4558,0.000000,0.000000,0.000000,0.000000
176898562,-96.5446,18.4558,0.000000,0.000000,0.000000,0.000000
176898593,-96.5446,18.4558,0.000000,0.000000,0.000000,0.000000
176898640,-96.5446,18.4558,0.000000,0.000000,0.000000,0.000000
176898671,-96.5446,18.4558,0.000000,0.000000,0.000000,0.000000
176898703,-96.5446,18.4558,0.000000,0.000000,0.000000,0.000000
176898734,-96.5446,18.4558,0.000000,0.000000,0.000000,0.000000
176898781,-96.5446,18.4558,0.000000,0.000000,0.000000,0.000000
176898828,-96.5446,18.4558,0.000000,0.000000,0.000000,0.000000
176898859,-96.5446,18.4558,0.000000,0.000000,0.000000,0.000000
176898890,-96.5446,18.4558,0.000000,0.000000,0.000000,0.000000
176898937,-96.5446,18.4558,0.000000,0.000000,0.000000,0.000000
176898968,-96.5446,18.4558,0.000000,0.000000,0.000000,0.000000
176899000,-96.5446,18.4558,0.000000,0.000000,0.000000,0.000000
176899046,-96.5446,18.4558,0.000000,0.000000,0.000000,0.000000
176899078,-96.5446,18.4558,0.000000,0.000000,0.000000,0.000000
176899125,-96.5446,18.4558,0.000000,0.000000,0.000000,0.000000
176899171,-96.5446,18.4558,0.000000,0.000000,0.000000,0.000000
176899203,-96.5446,18.4558,0.000000,0.000000,0.000000,0.000000
176899234,-96.5446,18.4558,0.000000,0.000000,0.000000,0.000000
176899265,-96.5446,18.4558,0.000000,0.000000,0.000000,0.000000
176899312,-96.5446,18.4558,0.000000,0.000000,0.000000,0.000000
176899343,-96.5446,18.4558,0.000000,0.000000,0.000000,0.000000
176899375,-96.5446,18.4558,0.000000,0.000000,0.000000,0.000000
176899421,-96.5446,18.4558,0.000000,0.000000,0.000000,0.000000
176899453,-96.5446,18.4558,0.000000,0.000000,0.000000,0.000000
176899500,-96.5446,18.4558,0.000000,0.000000,0.000000,0.000000
176899546,-96.5446,18.4558,0.000000,0.000000,0.000000,0.000000
176899578,-96.5446,18.4558,0.000000,0.000000,0.000000,0.000000
176899609,-96.5446,18.4558,0.000000,0.000000,0.000000,0.000000
176899640,-96.5446,18.4558,0.000000,0.000000,0.000000,0.000000
176899671,-96.5446,18.4558,0.000000,0.000000,0.000000,0.000000
176899703,-96.5446,18.4558,0.000000,0.000000,0.000000,0.000000
176899750,-96.5446,18.4558,0.000000,0.000000,0.000000,0.000000
176899781,-96.5446,18.4558,0.000000,0.000000,0.000000,0.000000
176899812,-96.5446,18.4558,0.000000,0.000000,0.000000,0.000000
176899843,-96.5446,18.4558,0.000000,0.000000,0.000000,0.000000
176899875,-96.5446,18.4558,0.000000,0.000000,0.000000,0.000000
176899906,-96.5446,18.4558,0.000000,0.000000,0.000000,0.000000
176899953,-96.5446,18.4558,0.000000,0.000000,0.000000,0.000000
176899984,-96.5446,18.4558,0.000000,0.000000,0.000000,0.000000
176900015,-96.5446,18.4558,0.000000,0.000000,0.000000,0.000000
176900046,-96.5446,18.4558,0.000000,0.000000,0.000000,0.000000
176900078,-96.5446,18.4558,0.000000,0.000000,0.000000,0.000000
176900125,-96.5446,18.4558,0.000000,0.000000,0.000000,0.000000
176900156,-96.5446,18.4558,0.000000,0.000000,0.000000,0.000000
176900187,-96.5446,18.4558,0.000000,0.000000,0.000000,0.000000
176900234,-96.5446,18.4558,0.000000,0.000000,0.000000,0.000000
176900281,-96.5446,18.4558,0.000000,0.000000,0.000000,0.000000
176900312,-96.5446,18.4558,0.000000,0.000000,0.000000,0.000000
176900343,-96.5446,18.4558,0.000000,0.000000,0.000000,0.000000
176900375,-96.5446,18.4558,0.000000,0.000000,0.000000,0.000000
176900421,-96.5446,18.4558,0.000000,0.000000,0.000000,0.000000
176900453,-96.5446,18.4558,0.000000,0.000000,0.000000,0.000000
176900484,-96.5446,18.4558,0.000000,0.000000,0.000000,0.000000
176900531,-96.5446,18.4558,0.000000,0.000000,0.000000,0.000000
176900562,-96.5446,18.4558,0.000000,0.000000,0.000000,0.000000
176900609,-96.5446,18.4558,0.000000,0.000000,0.000000,0.000000
176900640,-96.5446,18.4558,0.000000,0.000000,0.000000,0.000000
176900671,-96.5446,18.4558,0.000000,0.000000,0.000000,0.000000
176900718,-96.5446,18.4558,0.000000,0.000000,0.000000,0.000000
176900750,-96.5446,18.4558,0.000000,0.000000,0.000000,0.000000
176900796,-96.5446,18.4558,0.000000,0.000000,0.000000,0.000000
176900828,-96.5446,18.4558,0.000000,0.000000,0.000000,0.000000
176900859,-96.5446,18.4558,0.000000,0.000000,0.000000,0.000000
176900890,-96.5446,18.4558,0.000000,0.000000,0.000000,0.000000
176900937,-96.5446,18.4558,0.000000,0.000000,0.000000,0.000000
176901000,-96.5446,18.4558,0.000000,0.000000,0.000000,0.000000
176901031,-96.5446,18.4558,0.000000,0.000000,0.000000,0.000000
176901062,-96.5446,18.4558,0.000000,0.000000,0.000000,0.000000
176901109,-96.5446,18.4558,0.000000,0.000000,0.000000,0.000000
176901140,-96.5446,18.4558,0.000000,0.000000,0.000000,0.000000
176901187,-96.5446,18.4558,0.000000,0.000000,0.000000,0.000000
176901218,-96.5446,18.4558,0.000000,0.000000,0.000000,0.000000
176901250,-96.5446,18.4558,0.000000,0.000000,0.000000,0.000000
176901296,-96.5446,18.4558,0.000000,0.000000,0.000000,0.000000
176901328,-96.5446,18.4558,0.000000,0.000000,0.000000,0.000000
176901375,-96.5446,18.4558,0.000000,0.000000,0.000000,0.000000
176901406,-96.5446,18.4558,0.000000,0.000000,0.000000,0.000000
176901453,-96.5446,18.4558,0.000000,0.000000,0.000000,0.000000
176901484,-96.5446,18.4558,0.000000,0.000000,0.000000,0.000000
176901515,-96.5446,18.4558,0.000000,0.000000,0.000000,0.000000
176901546,-96.5446,18.4558,0.000000,0.000000,0.000000,0.000000
176901593,-96.5446,18.4558,0.000000,0.000000,0.000000,0.000000
176901625,-96.5446,18.4558,0.000000,0.000000,0.000000,0.000000
176901656,-96.5446,18.4558,0.000000,0.000000,0.000000,0.000000
176901703,-96.5446,18.4558,0.000000,0.000000,0.000000,0.000000
176901750,-96.5446,18.4558,0.000000,0.000000,0.000000,0.000000
176901781,-96.5446,18.4558,0.000000,0.000000,0.000000,0.000000
176901812,-96.5446,18.4558,0.000000,0.000000,0.000000,0.000000
176901843,-96.5446,18.4558,0.000000,0.000000,0.000000,0.000000
176901875,-96.5446,18.4558,0.000000,0.000000,0.000000,0.000000
176901921,-96.5446,18.4558,0.000000,0.000000,0.000000,0.000000
176901953,-96.5446,18.4558,0.000000,0.000000,0.000000,0.000000
176902000,-96.5446,18.4558,0.000000,0.000000,0.000000,0.000000
176902031,-96.5446,18.4558,0.000000,0.000000,0.000000,0.000000
176902078,-96.5446,18.4558,0.000000,0.000000,0.000000,0.000000
176902109,-96.5446,18.4558,0.000000,0.000000,0.000000,0.000000
176902140,-96.5446,18.4558,0.000000,0.000000,0.000000,0.000000
176902187,-96.5446,18.4558,0.000000,0.000000,0.000000,0.000000
176902218,-96.5446,18.4558,0.000000,0.000000,0.000000,0.000000
176902265,-96.5446,18.4558,0.000000,0.000000,0.000000,0.000000
176902296,-96.5446,18.4558,0.000000,0.000000,0.000000,0.000000
176902328,-96.5446,18.4558,0.000000,0.000000,0.000000,0.000000
176902375,-96.5446,18.4558,0.000000,0.000000,0.000000,0.000000
176902406,-96.5446,18.4558,0.000000,0.000000,0.000000,0.000000
176902437,-96.5446,18.4558,0.000000,0.000000,0.000000,0.000000
176902484,-96.5446,18.4558,0.000000,0.000000,0.000000,0.000000
176902531,-96.5446,18.4558,0.000000,0.000000,0.000000,0.000000
176902562,-96.5446,18.4558,0.000000,0.000000,0.000000,0.000000
176902593,-96.5446,18.4558,0.000000,0.000000,0.000000,0.000000
176902625,-96.5446,18.4558,0.000000,0.000000,0.000000,0.000000
176902671,-96.5446,18.4558,0.000000,0.000000,0.000000,0.000000
176902718,-96.5446,18.4558,0.000000,0.000000,0.000000,0.000000
176902750,-96.5446,18.4558,0.000000,0.000000,0.000000,0.000000
176902796,-96.5446,18.4558,0.000000,0.000000,0.000000,0.000000
176902843,-96.5446,18.4558,0.000000,0.000000,0.000000,0.000000
176902890,-96.5446,18.4558,0.000000,0.000000,0.000000,0.000000
176902937,-96.5446,18.4558,0.000000,0.000000,0.000000,0.000000
176902984,-96.5446,18.4558,0.000000,0.000000,0.000000,0.000000
176903031,-96.5446,18.4558,0.000000,0.000000,0.000000,0.000000
176903078,-96.5446,18.4558,0.000000,0.000000,0.000000,0.000000
176903125,-96.5446,18.4558,0.000000,0.000000,0.000000,0.000000
176903171,-96.5446,18.4558,0.000000,0.000000,0.000000,0.000000
176903203,-96.5446,18.4558,0.000000,0.000000,0.000000,0.000000
176903250,-96.5446,18.4558,0.000000,0.000000,0.000000,0.000000
176903296,-96.5446,18.4558,0.000000,0.000000,0.000000,0.000000
176903359,-96.5446,18.4558,0.000000,0.000000,0.000000,0.000000
176903406,-96.5446,18.4558,0.000000,0.000000,0.000000,0.000000
176903453,-96.5446,18.4558,0.000000,0.000000,0.000000,0.000000
176903500,-96.5446,18.4558,0.000000,0.000000,0.000000,0.000000
176903546,-96.5446,18.4558,0.000000,0.000000,0.000000,0.000000
176903593,-96.5446,18.4558,0.000000,0.000000,0.000000,0.000000
176903640,-96.5446,18.4558,0.000000,0.000000,0.000000,0.000000
176903687,-96.5446,18.4558,0.000000,0.000000,0.000000,0.000000
176903734,-96.5446,18.4558,0.000000,0.000000,0.000000,0.000000
176903765,-96.5446,18.4558,0.000000,0.000000,0.000000,0.000000
176903828,-96.5446,18.4558,0.000000,0.000000,0.000000,0.000000
176903875,-96.5446,18.4558,0.000000,0.000000,0.000000,0.000000
176903906,-96.5446,18.4558,0.000000,0.000000,0.000000,0.000000
176903953,-96.5446,18.4558,0.000000,0.000000,0.000000,0.000000
176904000,-96.5446,18.4558,0.000000,0.000000,0.000000,0.000000
176904046,-96.5446,18.4558,0.000000,0.000000,0.000000,0.000000
176904093,-96.5446,18.4558,0.000000,0.000000,0.000000,0.000000
176904140,-96.5446,18.4558,0.000000,0.000000,0.000000,0.000000
176904187,-96.5446,18.4558,0.000000,0.000000,0.000000,0.000000
176904234,-96.5446,18.4558,0.000000,0.000000,0.000000,0.000000
176904296,-96.5446,18.4558,0.000000,0.000000,0.000000,0.000000
176904343,-96.5446,18.4558,0.000000,0.000000,0.000000,0.000000
176904390,-96.5446,18.4558,0.000000,0.000000,0.000000,0.000000
176904437,-96.5446,18.4558,0.000000,0.000000,0.000000,0.000000
176904484,-96.5446,18.4558,0.000000,0.000000,0.000000,0.000000
176904531,-96.5446,18.4558,0.000000,0.000000,0.000000,0.000000
176904562,-96.5446,18.4558,0.000000,0.000000,0.000000,0.000000
176904625,-96.5446,18.4558,0.000000,0.000000,0.000000,0.000000
176904671,-96.5446,18.4558,0.000000,0.000000,0.000000,0.000000
176904703,-96.5446,18.4558,0.000000,0.000000,0.000000,0.000000
176904765,-96.5446,18.4558,0.000000,0.000000,0.000000,0.000000
176904812,-96.5446,18.4558,0.000000,0.000000,0.000000,0.000000
176904843,-96.5446,18.4558,0.000000,0.000000,0.000000,0.000000
176904890,-96.5446,18.4558,0.000000,0.000000,0.000000,0.000000
176904937,-96.5446,18.4558,0.000000,0.000000,0.000000,0.000000
176904984,-96.5446,18.4558,0.000000,0.000000,0.000000,0.000000
176905031,-96.5446,18.4558,0.000000,0.000000,0.000000,0.000000
176905078,-96.5446,18.4558,0.000000,0.000000,0.000000,0.000000
176905125,-96.5446,18.4558,0.000000,0.000000,0.000000,0.000000
176905156,-96.5446,18.4558,0.000000,0.000000,0.000000,0.000000
176905234,-96.5446,18.4558,0.000000,0.000000,0.000000,0.000000
176905281,-96.5446,18.4558,0.000000,0.000000,0.000000,0.000000
176905328,-96.5446,18.4558,0.000000,0.000000,0.000000,0.000000
176905375,-96.5446,18.4558,0.000000,0.000000,0.000000,0.000000
176905421,-96.5446,18.4558,0.000000,0.000000,0.000000,0.000000
176905468,-96.5446,18.4558,0.000000,0.000000,0.000000,0.000000
176905515,-96.5446,18.4558,0.000000,0.000000,0.000000,0.000000
176905562,-96.5446,18.4558,0.000000,0.000000,0.000000,0.000000
176905609,-96.5446,18.4558,0.000000,0.000000,0.000000,0.000000
176905656,-96.5446,18.4558,0.000000,0.000000,0.000000,0.000000
176905703,-96.5446,18.4558,0.000000,0.000000,0.000000,0.000000
176905750,-96.5446,18.4558,0.000000,0.000000,0.000000,0.000000
176905796,-96.5446,18.4558,0.000000,0.000000,0.000000,0.000000
176905828,-96.5446,18.4558,0.000000,0.000000,0.000000,0.000000
176905875,-96.5446,18.4558,0.000000,0.000000,0.000000,0.000000
176905937,-96.5446,18.4558,0.000000,0.000000,0.000000,0.000000
176905968,-96.5446,18.4558,0.000000,0.000000,0.000000,0.000000
176906015,-96.5446,18.4558,0.000000,0.000000,0.000000,0.000000
176906062,-96.5446,18.4558,0.000000,0.000000,0.000000,0.000000
176906109,-96.5446,18.4558,0.000000,0.000000,0.000000,0.000000
176906171,-96.5446,18.4558,0.000000,0.000000,0.000000,0.000000
176906203,-96.5446,18.4558,0.000000,0.000000,0.000000,0.000000
176906250,-96.5446,18.4558,0.000000,0.000000,0.000000,0.000000
176906296,-96.5446,18.4558,0.000000,0.000000,0.000000,0.000000
176906343,-96.5446,18.4558,0.000000,0.000000,0.000000,0.000000
176906390,-96.5446,18.4558,0.000000,0.000000,0.000000,0.000000
176906437,-96.5446,18.4558,0.000000,0.000000,0.000000,0.000000
176906484,-96.5446,18.4558,0.000000,0.000000,0.000000,0.000000
176906531,-96.5446,18.4558,0.000000,0.000000,0.000000,0.000000
176906562,-96.5446,18.4558,0.000000,0.000000,0.000000,0.000000
176906625,-96.5446,18.4558,0.000000,0.000000,0.000000,0.000000
176906671,-96.5446,18.4558,0.000000,0.000000,0.000000,0.000000
176906703,-96.5446,18.4558,0.000000,0.000000,0.000000,0.000000
176906750,-96.5446,18.4558,0.000000,0.000000,0.000000,0.000000
176906796,-96.5446,18.4558,0.000000,0.000000,0.000000,0.000000
176906843,-96.5446,18.4558,0.000000,0.000000,0.000000,0.000000
176906890,-96.5446,18.4558,0.000000,0.000000,0.000000,0.000000
176906937,-96.5446,18.4558,0.000000,0.000000,0.000000,0.000000
176906984,-96.5446,18.4558,0.000000,0.000000,0.000000,0.000000
176907031,-96.5446,18.4558,0.000000,0.000000,0.000000,0.000000
176907109,-96.5446,18.4558,0.000000,0.000000,0.000000,0.000000
176907140,-96.5446,18.4558,0.000000,0.000000,0.000000,0.000000
176907187,-96.5446,18.4558,0.000000,0.000000,0.000000,0.000000
176907234,-96.5446,18.4558,0.000000,0.000000,0.000000,0.000000
176907281,-96.5446,18.4558,0.000000,0.000000,0.000000,0.000000
176907328,-96.5446,18.4558,0.000000,0.000000,0.000000,0.000000
176907375,-96.5446,18.4558,0.000000,0.000000,0.000000,0.000000
176907421,-96.5446,18.4558,0.000000,0.000000,0.000000,0.000000
176907468,-96.5446,18.4558,0.000000,0.000000,0.000000,0.000000
176907515,-96.5446,18.4558,0.000000,0.000000,0.000000,0.000000
176907578,-96.5446,18.4558,0.000000,0.000000,0.000000,0.000000
176907625,-96.5446,18.4558,0.000000,0.000000,0.000000,0.000000
176907656,-96.5446,18.4558,0.000000,0.000000,0.000000,0.000000
176907687,-96.5446,18.4558,0.000000,0.000000,0.000000,0.000000
176907718,-96.5446,18.4558,0.000000,0.000000,0.000000,0.000000
176907765,-96.5446,18.4558,0.000000,0.000000,0.000000,0.000000
176907796,-96.5446,18.4558,0.000000,0.000000,0.000000,0.000000
176907828,-96.5446,18.4558,0.000000,0.000000,0.000000,0.000000
176907875,-96.5446,18.4558,0.000000,0.000000,0.000000,0.000000
176907906,-96.5446,18.4558,0.000000,0.000000,0.000000,0.000000
176907953,-96.5446,18.4558,0.000000,0.000000,0.000000,0.000000
176908000,-96.5446,18.4558,0.000000,0.000000,0.000000,0.000000
176908031,-96.5446,18.4558,0.000000,0.000000,0.000000,0.000000
176908062,-96.5446,18.4558,0.000000,0.000000,0.000000,0.000000
176908093,-96.5446,18.4558,0.000000,0.000000,0.000000,0.000000
176908140,-96.5446,18.4558,0.000000,0.000000,0.000000,0.000000
176908171,-96.5446,18.4558,0.000000,0.000000,0.000000,0.000000
176908218,-96.5446,18.4558,0.000000,0.000000,0.000000,0.000000
176908250,-96.5446,18.4558,0.000000,0.000000,0.000000,0.000000
176908296,-96.5446,18.4558,0.000000,0.000000,0.000000,0.000000
176908328,-96.5446,18.4558,0.000000,0.000000,0.000000,0.000000
176908375,-96.5446,18.4558,0.000000,0.000000,0.000000,0.000000
176908406,-96.5446,18.4558,0.000000,0.000000,0.000000,0.000000
176908453,-96.5446,18.4558,0.000000,0.000000,0.000000,0.000000
176908484,-96.5446,18.4558,0.000000,0.000000,0.000000,0.000000
176908515,-96.5446,18.4558,0.000000,0.000000,0.000000,0.000000
176908562,-96.5446,18.4558,0.000000,0.000000,0.000000,0.000000
176908609,-96.5446,18.4558,0.000000,0.000000,0.000000,0.000000
176908656,-96.5446,18.4558,0.000000,0.000000,0.000000,0.000000
176908703,-96.5446,18.4558,0.000000,0.000000,0.000000,0.000000
176908765,-96.5446,18.4558,0.000000,0.000000,0.000000,0.000000
176908812,-96.5446,18.4558,0.000000,0.000000,0.000000,0.000000
176908859,-96.5446,18.4558,0.000000,0.000000,0.000000,0.000000
176908906,-96.5446,18.4558,0.000000,0.000000,0.000000,0.000000
176908937,-96.5446,18.4558,0.000000,0.000000,0.000000,0.000000
176909000,-96.5446,18.4558,0.000000,0.000000,0.000000,0.000000
176909046,-96.5446,18.4558,0.000000,0.000000,0.000000,0.000000
176909093,-96.5446,18.4558,0.000000,0.000000,0.000000,0.000000
176909140,-96.5446,18.4558,0.000000,0.000000,0.000000,0.000000
176909187,-96.5446,18.4558,0.000000,0.000000,0.000000,0.000000
176909250,-96.5446,18.4558,0.000000,0.000000,0.000000,0.000000
176909296,-96.5446,18.4558,0.000000,0.000000,0.000000,0.000000
176909343,-96.5446,18.4558,0.000000,0.000000,0.000000,0.000000
176909390,-96.5446,18.4558,0.000000,0.000000,0.000000,0.000000
176909437,-96.5446,18.4558,0.000000,0.000000,0.000000,0.000000
176909484,-96.5446,18.4558,0.000000,0.000000,0.000000,0.000000
176909531,-96.5446,18.4558,0.000000,0.000000,0.000000,0.000000
176909578,-96.5446,18.4558,0.000000,0.000000,0.000000,0.000000
176909625,-96.5446,18.4558,0.000000,0.000000,0.000000,0.000000
176909671,-96.5446,18.4558,0.000000,0.000000,0.000000,0.000000
176909734,-96.5446,18.4558,0.000000,0.000000,0.000000,0.000000
176909781,-96.5448,18.4558,0.000000,0.000000,0.000000,0.000000
176909828,-96.5448,18.4558,0.000000,0.000000,0.000000,0.000000
176909875,-96.5448,18.4558,0.000000,0.000000,0.000000,0.000000
176909921,-96.5448,18.4558,0.000000,0.000000,0.000000,0.000000
176909968,-96.5446,18.4558,0.000000,0.000000,0.000000,0.000000
176910015,-96.5446,18.4558,0.000000,0.000000,0.000000,0.000000
176910062,-96.5446,18.4558,0.000000,0.000000,0.000000,0.000000
176910109,-96.5446,18.4558,0.000000,0.000000,0.000000,0.000000
176910156,-96.5446,18.4558,0.000000,0.000000,0.000000,0.000000
176910218,-96.5446,18.4558,0.000000,0.000000,0.000000,0.000000
176910250,-96.5446,18.4558,0.000000,0.000000,0.000000,0.000000
176910312,-96.5446,18.4558,0.000000,0.000000,0.000000,0.000000
176910343,-96.5446,18.4558,0.000000,0.000000,0.000000,0.000000
176910390,-96.5446,18.4558,0.000000,0.000000,0.000000,0.000000
176910453,-96.5446,18.4558,0.000000,0.000000,0.000000,0.000000
176910500,-96.5446,18.4558,0.000000,0.000000,0.000000,0.000000
176910546,-96.5446,18.4558,0.000000,0.000000,0.000000,0.000000
176910593,-96.5446,18.4558,0.000000,0.000000,0.000000,0.000000
176910625,-96.5446,18.4558,0.000000,0.000000,0.000000,0.000000
176910671,-96.5446,18.4558,0.000000,0.000000,0.000000,0.000000
176910703,-96.5446,18.4558,0.000000,0.000000,0.000000,0.000000
176910750,-96.5446,18.4558,0.000000,0.000000,0.000000,0.000000
176910796,-96.5446,18.4558,0.000000,0.000000,0.000000,0.000000
176910828,-96.5446,18.4558,0.000000,0.000000,0.000000,0.000000
176910875,-96.5446,18.4558,0.000000,0.000000,0.000000,0.000000
176910906,-96.5446,18.4558,0.000000,0.000000,0.000000,0.000000
176910953,-96.5446,18.4558,0.000000,0.000000,0.000000,0.000000
176910984,-96.5446,18.4558,0.000000,0.000000,0.000000,0.000000
176911015,-96.5446,18.4558,0.000000,0.000000,0.000000,0.000000
176911062,-96.5446,18.4558,0.000000,0.000000,0.000000,0.000000
176911109,-96.5446,18.4558,0.000000,0.000000,0.000000,0.000000
176911140,-96.5446,18.4558,0.000000,0.000000,0.000000,0.000000
176911171,-96.5446,18.4558,0.000000,0.000000,0.000000,0.000000
176911203,-96.5446,18.4558,0.000000,0.000000,0.000000,0.000000
176911250,-96.5446,18.4558,0.000000,0.000000,0.000000,0.000000
176911281,-96.5446,18.4558,0.000000,0.000000,0.000000,0.000000
176911328,-96.5446,18.4558,0.000000,0.000000,0.000000,0.000000
176911359,-96.5446,18.4558,0.000000,0.000000,0.000000,0.000000
176911390,-96.5446,18.4558,0.000000,0.000000,0.000000,0.000000
176911437,-96.5446,18.4558,0.000000,0.000000,0.000000,0.000000
176911484,-96.5446,18.4558,0.000000,0.000000,0.000000,0.000000
176911531,-96.5446,18.4558,0.000000,0.000000,0.000000,0.000000
176911562,-96.5446,18.4558,0.000000,0.000000,0.000000,0.000000
176911625,-96.5446,18.4558,0.000000,0.000000,0.000000,0.000000
176911671,-96.5446,18.4558,0.000000,0.000000,0.000000,0.000000
176911703,-96.5446,18.4558,0.000000,0.000000,0.000000,0.000000
176911734,-96.5446,18.4558,0.000000,0.000000,0.000000,0.000000
176911781,-96.5446,18.4558,0.000000,0.000000,0.000000,0.000000
176911812,-96.5446,18.4558,0.000000,0.000000,0.000000,0.000000
176911859,-96.5446,18.4558,0.000000,0.000000,0.000000,0.000000
176911906,-96.5446,18.4558,0.000000,0.000000,0.000000,0.000000
176911937,-96.5446,18.4558,0.000000,0.000000,0.000000,0.000000
176911968,-96.5446,18.4558,0.000000,0.000000,0.000000,0.000000
176912015,-96.5446,18.4558,0.000000,0.000000,0.000000,0.000000
176912062,-96.5446,18.4558,0.000000,0.000000,0.000000,0.000000
176912093,-96.5446,18.4558,0.000000,0.000000,0.000000,0.000000
176912125,-96.5446,18.4558,0.000000,0.000000,0.000000,0.000000
176912156,-96.5446,18.4558,0.000000,0.000000,0.000000,0.000000
176912203,-96.5446,18.4558,0.000000,0.000000,0.000000,0.000000
176912250,-96.5446,18.4558,0.000000,0.000000,0.000000,0.000000
176912296,-96.5446,18.4558,0.000000,0.000000,0.000000,0.000000
176912328,-96.5446,18.4558,0.000000,0.000000,0.000000,0.000000
176912359,-96.5446,18.4558,0.000000,0.000000,0.000000,0.000000
176912390,-96.5446,18.4558,0.000000,0.000000,0.000000,0.000000
176912437,-96.5446,18.4558,0.000000,0.000000,0.000000,0.000000
176912484,-96.5446,18.4558,0.000000,0.000000,0.000000,0.000000
176912515,-96.5446,18.4558,0.000000,0.000000,0.000000,0.000000
176912546,-96.5446,18.4558,0.000000,0.000000,0.000000,0.000000
176912578,-96.5446,18.4558,0.000000,0.000000,0.000000,0.000000
176912640,-96.5446,18.4558,0.000000,0.000000,0.000000,0.000000
176912671,-96.5446,18.4558,0.000000,0.000000,0.000000,0.000000
176912703,-96.5446,18.4558,0.000000,0.000000,0.000000,0.000000
176912734,-96.5446,18.4558,0.000000,0.000000,0.000000,0.000000
176912781,-96.5446,18.4558,0.000000,0.000000,0.000000,0.000000
176912828,-96.5446,18.4558,0.000000,0.000000,0.000000,0.000000
176912859,-96.5446,18.4558,0.000000,0.000000,0.000000,0.000000
176912890,-96.5446,18.4558,0.000000,0.000000,0.000000,0.000000
176912937,-96.5446,18.4558,0.000000,0.000000,0.000000,0.000000
176912968,-96.5446,18.4558,0.000000,0.000000,0.000000,0.000000
176913015,-96.5446,18.4558,0.000000,0.000000,0.000000,0.000000
176913062,-96.5446,18.4558,0.000000,0.000000,0.000000,0.000000
176913093,-96.5446,18.4558,0.000000,0.000000,0.000000,0.000000
176913140,-96.5446,18.4558,0.000000,0.000000,0.000000,0.000000
176913171,-96.5446,18.4558,0.000000,0.000000,0.000000,0.000000
176913203,-96.5446,18.4558,0.000000,0.000000,0.000000,0.000000
176913250,-96.5446,18.4558,0.000000,0.000000,0.000000,0.000000
176913281,-96.5446,18.4558,0.000000,0.000000,0.000000,0.000000
176913312,-96.5446,18.4558,0.000000,0.000000,0.000000,0.000000
176913359,-96.5446,18.4558,0.000000,0.000000,0.000000,0.000000
176913406,-96.5446,18.4558,0.000000,0.000000,0.000000,0.000000
176913437,-96.5446,18.4558,0.000000,0.000000,0.000000,0.000000
176913484,-96.5446,18.4558,0.000000,0.000000,0.000000,0.000000
176913515,-96.5446,18.4558,0.000000,0.000000,0.000000,0.000000
176913562,-96.5446,18.4558,0.000000,0.000000,0.000000,0.000000
176913609,-96.5446,18.4558,0.000000,0.000000,0.000000,0.000000
176913656,-96.5446,18.4558,0.000000,0.000000,0.000000,0.000000
176913703,-96.5446,18.4558,0.000000,0.000000,0.000000,0.000000
176913734,-96.5446,18.4558,0.000000,0.000000,0.000000,0.000000
176913796,-96.5446,18.4558,0.000000,0.000000,0.000000,0.000000
176913859,-96.5446,18.4558,0.000000,0.000000,0.000000,0.000000
176913906,-96.5446,18.4558,0.000000,0.000000,0.000000,0.000000
176913953,-96.5446,18.4558,0.000000,0.000000,0.000000,0.000000
176914000,-96.5446,18.4558,0.000000,0.000000,0.000000,0.000000
176914046,-96.5446,18.4558,0.000000,0.000000,0.000000,0.000000
176914093,-96.5446,18.4558,0.000000,0.000000,0.000000,0.000000
176914156,-96.5446,18.4558,0.000000,0.000000,0.000000,0.000000
176914187,-96.5446,18.4558,0.000000,0.000000,0.000000,0.000000
176914234,-96.5446,18.4558,0.000000,0.000000,0.000000,0.000000
176914281,-96.5446,18.4558,0.000000,0.000000,0.000000,0.000000
176914343,-96.5446,18.4558,0.000000,0.000000,0.000000,0.000000
176914390,-96.5446,18.4558,0.000000,0.000000,0.000000,0.000000
176914437,-96.5446,18.4558,0.000000,0.000000,0.000000,0.000000
176914468,-96.5446,18.4558,0.000000,0.000000,0.000000,0.000000
176914515,-96.5446,18.4558,0.000000,0.000000,0.000000,0.000000
176914562,-96.5446,18.4558,0.000000,0.000000,0.000000,0.000000
176914609,-96.5446,18.4558,0.000000,0.000000,0.000000,0.000000
176914656,-96.5446,18.4558,0.000000,0.000000,0.000000,0.000000
176914703,-96.5446,18.4558,0.000000,0.000000,0.000000,0.000000
176914750,-96.5446,18.4558,0.000000,0.000000,0.000000,0.000000
176914812,-96.5446,18.4558,0.000000,0.000000,0.000000,0.000000
176914859,-96.5446,18.4558,0.000000,0.000000,0.000000,0.000000
176914906,-96.5446,18.4558,0.000000,0.000000,0.000000,0.000000
176914937,-96.5446,18.4558,0.000000,0.000000,0.000000,0.000000
176914984,-96.5446,18.4558,0.000000,0.000000,0.000000,0.000000
176915031,-96.5446,18.4558,0.000000,0.000000,0.000000,0.000000
176915093,-96.5446,18.4558,0.000000,0.000000,0.000000,0.000000
176915140,-96.5446,18.4558,0.000000,0.000000,0.000000,0.000000
176915187,-96.5446,18.4558,0.000000,0.000000,0.000000,0.000000
176915234,-96.5446,18.4558,0.000000,0.000000,0.000000,0.000000
176915281,-96.5446,18.4558,0.000000,0.000000,0.000000,0.000000
176915328,-96.5446,18.4558,0.000000,0.000000,0.000000,0.000000
176915375,-96.5446,18.4558,0.000000,0.000000,0.000000,0.000000
176915421,-96.5446,18.4558,0.000000,0.000000,0.000000,0.000000
176915468,-96.5446,18.4558,0.000000,0.000000,0.000000,0.000000
176915515,-96.5446,18.4558,0.000000,0.000000,0.000000,0.000000
176915578,-96.5446,18.4558,0.000000,0.000000,0.000000,0.000000
176915625,-96.5446,18.4558,0.000000,0.000000,0.000000,0.000000
176915671,-96.5446,18.4558,0.000000,0.000000,0.000000,0.000000
176915703,-96.5446,18.4558,0.000000,0.000000,0.000000,0.000000
176915765,-96.5446,18.4558,0.000000,0.000000,0.000000,0.000000
176915812,-96.5446,18.4558,0.000000,0.000000,0.000000,0.000000
176915859,-96.5446,18.4558,0.000000,0.000000,0.000000,0.000000
176915906,-96.5446,18.4558,0.000000,0.000000,0.000000,0.000000
176915937,-96.5446,18.4558,0.000000,0.000000,0.000000,0.000000
176915984,-96.5446,18.4558,0.000000,0.000000,0.000000,0.000000
176916031,-96.5446,18.4558,0.000000,0.000000,0.000000,0.000000
176916078,-96.5446,18.4558,0.000000,0.000000,0.000000,0.000000
176916125,-96.5446,18.4558,0.000000,0.000000,0.000000,0.000000
176916171,-96.5446,18.4558,0.000000,0.000000,0.000000,0.000000
176916218,-96.5446,18.4558,0.000000,0.000000,0.000000,0.000000
176916265,-96.5446,18.4558,0.000000,0.000000,0.000000,0.000000
176916312,-96.5446,18.4558,0.000000,0.000000,0.000000,0.000000
176916359,-96.5446,18.4558,0.000000,0.000000,0.000000,0.000000
176916406,-96.5446,18.4558,0.000000,0.000000,0.000000,0.000000
176916453,-96.5446,18.4558,0.000000,0.000000,0.000000,0.000000
176916500,-96.5446,18.4558,0.000000,0.000000,0.000000,0.000000
176916546,-96.5446,18.4558,0.000000,0.000000,0.000000,0.000000
176916593,-96.5446,18.4558,0.000000,0.000000,0.000000,0.000000
176916640,-96.5446,18.4558,0.000000,0.000000,0.000000,0.000000
176916703,-96.5446,18.4558,0.000000,0.000000,0.000000,0.000000
176916750,-96.5446,18.4558,0.000000,0.000000,0.000000,0.000000
176916796,-96.5446,18.4558,0.000000,0.000000,0.000000,0.000000
176916843,-96.5446,18.4558,0.000000,0.000000,0.000000,0.000000
176916890,-96.5446,18.4558,0.000000,0.000000,0.000000,0.000000
176916953,-96.5446,18.4558,0.000000,0.000000,0.000000,0.000000
176917000,-96.5446,18.4558,0.000000,0.000000,0.000000,0.000000
176917046,-96.5446,18.4558,0.000000,0.000000,0.000000,0.000000
176917093,-96.5446,18.4558,0.000000,0.000000,0.000000,0.000000
176917140,-96.5446,18.4558,0.000000,0.000000,0.000000,0.000000
176917187,-96.5446,18.4558,0.000000,0.000000,0.000000,0.000000
176917234,-96.5446,18.4558,0.000000,0.000000,0.000000,0.000000
176917281,-96.5446,18.4558,0.000000,0.000000,0.000000,0.000000
176917328,-96.5446,18.4558,0.000000,0.000000,0.000000,0.000000
176917375,-96.5446,18.4558,0.000000,0.000000,0.000000,0.000000
176917421,-96.5446,18.4558,0.000000,0.000000,0.000000,0.000000
176917468,-96.5446,18.4558,0.000000,0.000000,0.000000,0.000000
176917515,-96.5446,18.4558,0.000000,0.000000,0.000000,0.000000
176917546,-96.5446,18.4558,0.000000,0.000000,0.000000,0.000000
176917593,-96.5446,18.4558,0.000000,0.000000,0.000000,0.000000
176917671,-96.5446,18.4558,0.000000,0.000000,0.000000,0.000000
176917703,-96.5446,18.4558,0.000000,0.000000,0.000000,0.000000
176917750,-96.5446,18.4558,0.000000,0.000000,0.000000,0.000000
176917796,-96.5446,18.4558,0.000000,0.000000,0.000000,0.000000
176917843,-96.5446,18.4558,0.000000,0.000000,0.000000,0.000000
176917890,-96.5446,18.4558,0.000000,0.000000,0.000000,0.000000
176917937,-96.5446,18.4558,0.000000,0.000000,0.000000,0.000000
176917984,-96.5446,18.4558,0.000000,0.000000,0.000000,0.000000
176918046,-96.5446,18.4558,0.000000,0.000000,0.000000,0.000000
176918093,-96.5446,18.4558,0.000000,0.000000,0.000000,0.000000
176918140,-96.5446,18.4558,0.000000,0.000000,0.000000,0.000000
176918187,-96.5446,18.4558,0.000000,0.000000,0.000000,0.000000
