tick_ms,session_id,guidewire_mode,axis1_phase,axis6_phase,cyl1_cmd,cyl2_cmd,cyl3_cmd,cyl4_cmd,compensation_enabled,force_sample_valid,calibration_zeroed,freeze_active,plc_hold_active,ads_return_fault,spacing_recovery_active,force_transition_active,manual_cylinder_override,fn_1_raw_v,ft_1_raw_v,fn_1_zero_v,ft_1_zero_v,calibrated_force_n,calibrated_torque_nm,logger_dropped,axis1_segment_active,axis1_grip_assumed,axis1_invalid_reason,axis1_segment_id,axis1_handle_raw,axis1_handle_filtered,axis1_raw_mapping_increment_axis_mm,axis1_nominal_forward_increment_mm,axis1_compensated_requested_forward_increment_mm,axis1_effective_forward_increment_mm,axis1_handover_forward_increment_mm,axis1_session_handover_forward_mm,axis1_compensation_gain,axis1_p_term,axis1_i_term,axis1_integral_limited,axis1_refer_rel_mm,axis1_actual_rel_mm,axis1_actual_forward_delta_mm,axis1_segment_master_forward_mm,axis1_segment_actual_forward_mm,axis1_session_master_forward_mm,axis1_session_actual_forward_mm,axis1_tracking_error_mm,axis1_tracking_error_limited,axis6_segment_active,axis6_grip_assumed,axis6_invalid_reason,axis6_segment_id,axis6_handle_raw,axis6_handle_filtered,axis6_raw_mapping_increment_axis_mm,axis6_nominal_forward_increment_mm,axis6_compensated_requested_forward_increment_mm,axis6_effective_forward_increment_mm,axis6_handover_forward_increment_mm,axis6_session_handover_forward_mm,axis6_compensation_gain,axis6_p_term,axis6_i_term,axis6_integral_limited,axis6_refer_rel_mm,axis6_actual_rel_mm,axis6_actual_forward_delta_mm,axis6_segment_master_forward_mm,axis6_segment_actual_forward_mm,axis6_session_master_forward_mm,axis6_session_actual_forward_mm,axis6_tracking_error_mm,axis6_tracking_error_limited
263721375,1,0,0,0,400,600,400,100,0,1,0,0,0,0,0,0,0,0.00000000,0.00000000,0.00000000,0.00000000,0.00000000,0.00000000,0,0,0,3,0,0.00000000,0.00000000,0.00000000,0.00000000,0.00000000,0.00000000,0.00000000,0.00000000,1.00000000,0.00000000,0.00000000,0,0.00000000,0.00000000,0.00000000,0.00000000,0.00000000,0.00000000,0.00000000,0.00000000,0,0,0,3,0,0.00000000,0.00000000,0.00000000,0.00000000,0.00000000,0.00000000,0.00000000,0.00000000,1.00000000,0.00000000,0.00000000,0,0.00000000,0.00000000,0.00000000,0.00000000,0.00000000,0.00000000,0.00000000,0.00000000,0
263721437,1,0,0,0,400,600,400,100,0,1,0,0,0,0,0,0,0,0.00000000,0.00000000,0.00000000,0.00000000,0.00000000,0.00000000,0,0,0,3,0,0.00000000,0.00000000,0.00000000,0.00000000,0.00000000,0.00000000,0.00000000,0.00000000,1.00000000,0.00000000,0.00000000,0,0.00000000,0.00000000,0.00000000,0.00000000,0.00000000,0.00000000,0.00000000,0.00000000,0,0,0,3,0,0.00000000,0.00000000,0.00000000,0.00000000,0.00000000,0.00000000,0.00000000,0.00000000,1.00000000,0.00000000,0.00000000,0,0.00000000,0.00000000,0.00000000,0.00000000,0.00000000,0.00000000,0.00000000,0.00000000,0
263721500,1,0,0,0,400,600,400,100,0,1,0,0,0,0,0,0,0,0.00000000,0.00000000,0.00000000,0.00000000,0.00000000,0.00000000,0,0,0,3,0,0.00000000,0.00000000,0.00000000,0.00000000,0.00000000,0.00000000,0.00000000,0.00000000,1.00000000,0.00000000,0.00000000,0,0.00000000,0.00000000,0.00000000,0.00000000,0.00000000,0.00000000,0.00000000,0.00000000,0,0,0,3,0,0.00000000,0.00000000,0.00000000,0.00000000,0.00000000,0.00000000,0.00000000,0.00000000,1.00000000,0.00000000,0.00000000,0,0.00000000,0.00000000,0.00000000,0.00000000,0.00000000,0.00000000,0.00000000,0.00000000,0
263721562,1,0,0,0,400,600,400,100,0,1,0,0,0,0,0,0,0,0.00000000,0.00000000,0.00000000,0.00000000,0.00000000,0.00000000,0,0,0,3,0,0.00000000,0.00000000,0.00000000,0.00000000,0.00000000,0.00000000,0.00000000,0.00000000,1.00000000,0.00000000,0.00000000,0,0.00000000,0.00000000,0.00000000,0.00000000,0.00000000,0.00000000,0.00000000,0.00000000,0,0,0,3,0,0.00000000,0.00000000,0.00000000,0.00000000,0.00000000,0.00000000,0.00000000,0.00000000,1.00000000,0.00000000,0.00000000,0,0.00000000,0.00000000,0.00000000,0.00000000,0.00000000,0.00000000,0.00000000,0.00000000,0
263721625,1,0,0,0,400,600,400,100,0,1,0,0,0,0,0,0,0,0.00000000,0.00000000,0.00000000,0.00000000,0.00000000,0.00000000,0,0,0,3,0,0.00000000,0.00000000,0.00000000,0.00000000,0.00000000,0.00000000,0.00000000,0.00000000,1.00000000,0.00000000,0.00000000,0,0.00000000,0.00000000,0.00000000,0.00000000,0.00000000,0.00000000,0.00000000,0.00000000,0,0,0,3,0,0.00000000,0.00000000,0.00000000,0.00000000,0.00000000,0.00000000,0.00000000,0.00000000,1.00000000,0.00000000,0.00000000,0,0.00000000,0.00000000,0.00000000,0.00000000,0.00000000,0.00000000,0.00000000,0.00000000,0
263721687,1,0,0,0,400,600,400,100,0,1,0,0,0,0,0,0,0,0.00000000,0.00000000,0.00000000,0.00000000,0.00000000,0.00000000,0,0,0,3,0,0.00000000,0.00000000,0.00000000,0.00000000,0.00000000,0.00000000,0.00000000,0.00000000,1.00000000,0.00000000,0.00000000,0,0.00000000,0.00000000,0.00000000,0.00000000,0.00000000,0.00000000,0.00000000,0.00000000,0,0,0,3,0,0.00000000,0.00000000,0.00000000,0.00000000,0.00000000,0.00000000,0.00000000,0.00000000,1.00000000,0.00000000,0.00000000,0,0.00000000,0.00000000,0.00000000,0.00000000,0.00000000,0.00000000,0.00000000,0.00000000,0
263721750,1,0,0,0,400,600,400,100,0,1,0,0,0,0,0,0,0,0.00000000,0.00000000,0.00000000,0.00000000,0.00000000,0.00000000,0,0,0,3,0,0.00000000,0.00000000,0.00000000,0.00000000,0.00000000,0.00000000,0.00000000,0.00000000,1.00000000,0.00000000,0.00000000,0,0.00000000,0.00000000,0.00000000,0.00000000,0.00000000,0.00000000,0.00000000,0.00000000,0,0,0,3,0,0.00000000,0.00000000,0.00000000,0.00000000,0.00000000,0.00000000,0.00000000,0.00000000,1.00000000,0.00000000,0.00000000,0,0.00000000,0.00000000,0.00000000,0.00000000,0.00000000,0.00000000,0.00000000,0.00000000,0
263721812,1,0,0,0,400,600,400,100,0,1,0,0,0,0,0,0,0,0.00000000,0.00000000,0.00000000,0.00000000,0.00000000,0.00000000,0,0,0,3,0,0.00000000,0.00000000,0.00000000,0.00000000,0.00000000,0.00000000,0.00000000,0.00000000,1.00000000,0.00000000,0.00000000,0,0.00000000,0.00000000,0.00000000,0.00000000,0.00000000,0.00000000,0.00000000,0.00000000,0,0,0,3,0,0.00000000,0.00000000,0.00000000,0.00000000,0.00000000,0.00000000,0.00000000,0.00000000,1.00000000,0.00000000,0.00000000,0,0.00000000,0.00000000,0.00000000,0.00000000,0.00000000,0.00000000,0.00000000,0.00000000,0
263721875,1,0,0,0,400,600,400,100,0,1,0,0,0,0,0,0,0,0.00000000,0.00000000,0.00000000,0.00000000,0.00000000,0.00000000,0,0,0,3,0,0.00000000,0.00000000,0.00000000,0.00000000,0.00000000,0.00000000,0.00000000,0.00000000,1.00000000,0.00000000,0.00000000,0,0.00000000,0.00000000,0.00000000,0.00000000,0.00000000,0.00000000,0.00000000,0.00000000,0,0,0,3,0,0.00000000,0.00000000,0.00000000,0.00000000,0.00000000,0.00000000,0.00000000,0.00000000,1.00000000,0.00000000,0.00000000,0,0.00000000,0.00000000,0.00000000,0.00000000,0.00000000,0.00000000,0.00000000,0.00000000,0
263721937,1,0,0,0,400,600,400,100,0,1,0,0,0,0,0,0,0,0.00000000,0.00000000,0.00000000,0.00000000,0.00000000,0.00000000,0,0,0,3,0,0.00000000,0.00000000,0.00000000,0.00000000,0.00000000,0.00000000,0.00000000,0.00000000,1.00000000,0.00000000,0.00000000,0,0.00000000,0.00000000,0.00000000,0.00000000,0.00000000,0.00000000,0.00000000,0.00000000,0,0,0,3,0,0.00000000,0.00000000,0.00000000,0.00000000,0.00000000,0.00000000,0.00000000,0.00000000,1.00000000,0.00000000,0.00000000,0,0.00000000,0.00000000,0.00000000,0.00000000,0.00000000,0.00000000,0.00000000,0.00000000,0
263722000,1,0,0,0,400,600,400,100,0,1,0,0,0,0,0,0,0,0.00000000,0.00000000,0.00000000,0.00000000,0.00000000,0.00000000,0,0,0,3,0,0.00000000,0.00000000,0.00000000,0.00000000,0.00000000,0.00000000,0.00000000,0.00000000,1.00000000,0.00000000,0.00000000,0,0.00000000,0.00000000,0.00000000,0.00000000,0.00000000,0.00000000,0.00000000,0.00000000,0,0,0,3,0,0.00000000,0.00000000,0.00000000,0.00000000,0.00000000,0.00000000,0.00000000,0.00000000,1.00000000,0.00000000,0.00000000,0,0.00000000,0.00000000,0.00000000,0.00000000,0.00000000,0.00000000,0.00000000,0.00000000,0
263722062,1,0,0,0,400,600,400,100,0,1,0,0,0,0,0,0,0,0.00000000,0.00000000,0.00000000,0.00000000,0.00000000,0.00000000,0,0,0,3,0,0.00000000,0.00000000,0.00000000,0.00000000,0.00000000,0.00000000,0.00000000,0.00000000,1.00000000,0.00000000,0.00000000,0,0.00000000,0.00000000,0.00000000,0.00000000,0.00000000,0.00000000,0.00000000,0.00000000,0,0,0,3,0,0.00000000,0.00000000,0.00000000,0.00000000,0.00000000,0.00000000,0.00000000,0.00000000,1.00000000,0.00000000,0.00000000,0,0.00000000,0.00000000,0.00000000,0.00000000,0.00000000,0.00000000,0.00000000,0.00000000,0
263722125,1,0,0,0,400,600,400,100,0,1,0,0,0,0,0,0,0,0.00000000,0.00000000,0.00000000,0.00000000,0.00000000,0.00000000,0,0,0,3,0,0.00000000,0.00000000,0.00000000,0.00000000,0.00000000,0.00000000,0.00000000,0.00000000,1.00000000,0.00000000,0.00000000,0,0.00000000,0.00000000,0.00000000,0.00000000,0.00000000,0.00000000,0.00000000,0.00000000,0,0,0,3,0,0.00000000,0.00000000,0.00000000,0.00000000,0.00000000,0.00000000,0.00000000,0.00000000,1.00000000,0.00000000,0.00000000,0,0.00000000,0.00000000,0.00000000,0.00000000,0.00000000,0.00000000,0.00000000,0.00000000,0
263722187,1,0,0,0,400,600,400,100,0,1,0,0,0,0,0,0,0,0.00000000,0.00000000,0.00000000,0.00000000,0.00000000,0.00000000,0,0,0,3,0,0.00000000,0.00000000,0.00000000,0.00000000,0.00000000,0.00000000,0.00000000,0.00000000,1.00000000,0.00000000,0.00000000,0,0.00000000,0.00000000,0.00000000,0.00000000,0.00000000,0.00000000,0.00000000,0.00000000,0,0,0,3,0,0.00000000,0.00000000,0.00000000,0.00000000,0.00000000,0.00000000,0.00000000,0.00000000,1.00000000,0.00000000,0.00000000,0,0.00000000,0.00000000,0.00000000,0.00000000,0.00000000,0.00000000,0.00000000,0.00000000,0
263722265,1,0,0,0,400,600,400,100,0,1,0,0,0,0,0,0,0,0.00000000,0.00000000,0.00000000,0.00000000,0.00000000,0.00000000,0,0,0,3,0,0.00000000,0.00000000,0.00000000,0.00000000,0.00000000,0.00000000,0.00000000,0.00000000,1.00000000,0.00000000,0.00000000,0,0.00000000,0.00000000,0.00000000,0.00000000,0.00000000,0.00000000,0.00000000,0.00000000,0,0,0,3,0,0.00000000,0.00000000,0.00000000,0.00000000,0.00000000,0.00000000,0.00000000,0.00000000,1.00000000,0.00000000,0.00000000,0,0.00000000,0.00000000,0.00000000,0.00000000,0.00000000,0.00000000,0.00000000,0.00000000,0
263722375,1,0,0,0,400,0,500,0,0,1,0,0,0,0,0,0,0,0.00000000,0.00000000,0.00000000,0.00000000,0.00000000,0.00000000,0,0,0,3,0,-0.00357871,-0.00357871,-0.00000000,0.00000000,0.00000000,0.00000000,0.00000000,0.00000000,1.00000000,0.00000000,0.00000000,0,-75.99997051,-75.99997051,0.00000000,0.00000000,0.00000000,0.00000000,0.00000000,0.00000000,0,0,0,2,0,0.04425626,0.04425626,-0.00000000,0.00000000,0.00000000,0.00000000,0.00000000,0.00000000,1.00000000,0.00000000,0.00000000,0,-41.94888062,-41.94888062,0.00000000,0.00000000,0.00000000,0.00000000,0.00000000,0.00000000,0
263722468,1,0,0,0,400,0,500,0,0,1,0,0,0,0,0,0,0,0.00000000,0.00000000,0.00000000,0.00000000,0.00000000,0.00000000,0,0,0,3,0,-0.00357871,-0.00357871,-0.00000000,0.00000000,0.00000000,0.00000000,0.00000000,0.00000000,1.00000000,0.00000000,0.00000000,0,-75.99997051,-75.99997051,0.00000000,0.00000000,0.00000000,0.00000000,0.00000000,0.00000000,0,0,0,2,0,0.04425626,0.04425626,-0.00000000,0.00000000,0.00000000,0.00000000,0.00000000,0.00000000,1.00000000,0.00000000,0.00000000,0,-41.94888062,-41.94888062,0.00000000,0.00000000,0.00000000,0.00000000,0.00000000,0.00000000,0
263722546,1,0,0,0,400,0,500,0,0,1,0,0,0,0,0,0,0,0.00000000,0.00000000,0.00000000,0.00000000,0.00000000,0.00000000,0,0,0,3,0,-0.00357871,-0.00357871,-0.00000000,0.00000000,0.00000000,0.00000000,0.00000000,0.00000000,1.00000000,0.00000000,0.00000000,0,-75.99997051,-75.99997051,0.00000000,0.00000000,0.00000000,0.00000000,0.00000000,0.00000000,0,0,0,2,0,0.04425626,0.04425626,-0.00000000,0.00000000,0.00000000,0.00000000,0.00000000,0.00000000,1.00000000,0.00000000,0.00000000,0,-41.94888062,-41.94888062,0.00000000,0.00000000,0.00000000,0.00000000,0.00000000,0.00000000,0
263722609,1,0,0,0,400,0,500,0,0,1,0,0,0,0,0,0,0,0.00000000,0.00000000,0.00000000,0.00000000,0.00000000,0.00000000,0,0,0,3,0,-0.00357871,-0.00357871,-0.00000000,0.00000000,0.00000000,0.00000000,0.00000000,0.00000000,1.00000000,0.00000000,0.00000000,0,-75.99997051,-75.99997051,0.00000000,0.00000000,0.00000000,0.00000000,0.00000000,0.00000000,0,0,0,2,0,0.04425626,0.04425626,-0.00000000,0.00000000,0.00000000,0.00000000,0.00000000,0.00000000,1.00000000,0.00000000,0.00000000,0,-41.94888062,-41.94888062,0.00000000,0.00000000,0.00000000,0.00000000,0.00000000,0.00000000,0
263722671,1,0,0,0,400,0,500,0,0,1,0,0,0,0,0,0,0,0.00000000,0.00000000,0.00000000,0.00000000,0.00000000,0.00000000,0,0,0,3,0,-0.00357871,-0.00357871,-0.00000000,0.00000000,0.00000000,0.00000000,0.00000000,0.00000000,1.00000000,0.00000000,0.00000000,0,-75.99997051,-75.99997051,0.00000000,0.00000000,0.00000000,0.00000000,0.00000000,0.00000000,0,0,0,2,0,0.04425626,0.04425626,-0.00000000,0.00000000,0.00000000,0.00000000,0.00000000,0.00000000,1.00000000,0.00000000,0.00000000,0,-41.94888062,-41.94888062,0.00000000,0.00000000,0.00000000,0.00000000,0.00000000,0.00000000,0
263722750,1,0,0,0,400,0,500,0,0,1,0,0,0,0,0,0,0,0.00000000,0.00000000,0.00000000,0.00000000,0.00000000,0.00000000,0,0,0,3,0,-0.00357871,-0.00357871,-0.00000000,0.00000000,0.00000000,0.00000000,0.00000000,0.00000000,1.00000000,0.00000000,0.00000000,0,-75.99996274,-75.99997051,0.00000000,0.00000000,0.00000000,0.00000000,0.00000000,0.00000000,0,0,0,2,0,0.04425626,0.04425626,-0.00000000,0.00000000,0.00000000,0.00000000,0.00000000,0.00000000,1.00000000,0.00000000,0.00000000,0,-268.35951344,-41.94965609,0.00000000,0.00000000,0.00000000,0.00000000,0.00000000,0.00000000,0
263722843,1,0,0,0,400,0,500,0,0,1,0,0,0,0,0,0,0,0.00000000,0.00000000,0.00000000,0.00000000,0.00000000,0.00000000,0,0,0,3,0,-0.00357871,-0.00357871,-0.00000000,0.00000000,0.00000000,0.00000000,0.00000000,0.00000000,1.00000000,0.00000000,0.00000000,0,-75.99996274,-75.99997051,0.00000000,0.00000000,0.00000000,0.00000000,0.00000000,0.00000000,0,0,0,2,0,0.04425626,0.04425626,-0.00000000,0.00000000,0.00000000,0.00000000,0.00000000,0.00000000,1.00000000,0.00000000,0.00000000,0,-268.35951344,-41.95306813,0.00000000,0.00000000,0.00000000,0.00000000,0.00000000,0.00000000,0
263722937,1,0,0,0,400,0,500,0,0,1,0,0,0,0,0,0,0,0.00000000,0.00000000,0.00000000,0.00000000,0.00000000,0.00000000,0,0,0,3,0,-0.00357871,-0.00357871,-0.00000000,0.00000000,0.00000000,0.00000000,0.00000000,0.00000000,1.00000000,0.00000000,0.00000000,0,-75.99996274,-75.99997051,0.00000000,0.00000000,0.00000000,0.00000000,0.00000000,0.00000000,0,0,0,2,0,0.04425626,0.04425626,-0.00000000,0.00000000,0.00000000,0.00000000,0.00000000,0.00000000,1.00000000,0.00000000,0.00000000,0,-268.35951344,-41.95663526,0.00000000,0.00000000,0.00000000,0.00000000,0.00000000,0.00000000,0
263723015,1,0,0,0,400,0,500,0,0,1,0,0,0,0,0,0,0,0.00000000,0.00000000,0.00000000,0.00000000,0.00000000,0.00000000,0,0,0,3,0,-0.00357871,-0.00357871,-0.00000000,0.00000000,0.00000000,0.00000000,0.00000000,0.00000000,1.00000000,0.00000000,0.00000000,0,-75.99996274,-75.99997051,0.00000000,0.00000000,0.00000000,0.00000000,0.00000000,0.00000000,0,0,0,2,0,0.04425626,0.04425626,-0.00000000,0.00000000,0.00000000,0.00000000,0.00000000,0.00000000,1.00000000,0.00000000,0.00000000,0,-268.35951344,-41.96020240,0.00000000,0.00000000,0.00000000,0.00000000,0.00000000,0.00000000,0
263723093,1,0,0,0,400,0,500,0,0,1,0,0,0,0,0,0,0,0.00000000,0.00000000,0.00000000,0.00000000,0.00000000,0.00000000,0,0,0,3,0,-0.00357871,-0.00357871,-0.00000000,0.00000000,0.00000000,0.00000000,0.00000000,0.00000000,1.00000000,0.00000000,0.00000000,0,-75.99996274,-75.99997051,0.00000000,0.00000000,0.00000000,0.00000000,0.00000000,0.00000000,0,0,0,2,0,0.04425626,0.04425626,-0.00000000,0.00000000,0.00000000,0.00000000,0.00000000,0.00000000,1.00000000,0.00000000,0.00000000,0,-268.35951344,-41.96345935,0.00000000,0.00000000,0.00000000,0.00000000,0.00000000,0.00000000,0
263723171,1,0,0,0,400,0,500,0,0,1,0,0,0,0,0,0,0,0.00000000,0.00000000,0.00000000,0.00000000,0.00000000,0.00000000,0,0,0,3,0,-0.00357871,-0.00357871,-0.00000000,0.00000000,0.00000000,0.00000000,0.00000000,0.00000000,1.00000000,0.00000000,0.00000000,0,-75.99996274,-75.99997051,0.00000000,0.00000000,0.00000000,0.00000000,0.00000000,0.00000000,0,0,0,2,0,0.04425626,0.04425626,-0.00000000,0.00000000,0.00000000,0.00000000,0.00000000,0.00000000,1.00000000,0.00000000,0.00000000,0,-268.35951344,-41.96656120,0.00000000,0.00000000,0.00000000,0.00000000,0.00000000,0.00000000,0
263723250,1,0,0,0,400,0,500,0,0,1,0,0,0,0,0,0,0,0.00000000,0.00000000,0.00000000,0.00000000,0.00000000,0.00000000,0,0,0,3,0,-0.00357871,-0.00357871,-0.00000000,0.00000000,0.00000000,0.00000000,0.00000000,0.00000000,1.00000000,0.00000000,0.00000000,0,-75.99996274,-75.99997051,0.00000000,0.00000000,0.00000000,0.00000000,0.00000000,0.00000000,0,0,0,2,0,0.04425626,0.04425626,-0.00000000,0.00000000,0.00000000,0.00000000,0.00000000,0.00000000,1.00000000,0.00000000,0.00000000,0,-268.35951344,-41.96981815,0.00000000,0.00000000,0.00000000,0.00000000,0.00000000,0.00000000,0
263723328,1,0,0,0,400,0,500,0,0,1,0,0,0,0,0,0,0,0.00000000,0.00000000,0.00000000,0.00000000,0.00000000,0.00000000,0,0,0,3,0,-0.00357871,-0.00357871,-0.00000000,0.00000000,0.00000000,0.00000000,0.00000000,0.00000000,1.00000000,0.00000000,0.00000000,0,-75.99996274,-75.99997051,0.00000000,0.00000000,0.00000000,0.00000000,0.00000000,0.00000000,0,0,0,2,0,0.04425626,0.04425626,-0.00000000,0.00000000,0.00000000,0.00000000,0.00000000,0.00000000,1.00000000,0.00000000,0.00000000,0,-268.35951344,-41.97323019,0.00000000,0.00000000,0.00000000,0.00000000,0.00000000,0.00000000,0
263723406,1,0,0,0,400,0,500,0,0,1,0,0,0,0,0,0,0,0.00000000,0.00000000,0.00000000,0.00000000,0.00000000,0.00000000,0,0,0,3,0,-0.00357871,-0.00357871,-0.00000000,0.00000000,0.00000000,0.00000000,0.00000000,0.00000000,1.00000000,0.00000000,0.00000000,0,-75.99996274,-75.99997051,0.00000000,0.00000000,0.00000000,0.00000000,0.00000000,0.00000000,0,0,0,2,0,0.04425626,0.04425626,-0.00000000,0.00000000,0.00000000,0.00000000,0.00000000,0.00000000,1.00000000,0.00000000,0.00000000,0,-268.35951344,-41.97633205,0.00000000,0.00000000,0.00000000,0.00000000,0.00000000,0.00000000,0
263723500,1,0,0,0,400,0,500,0,0,1,0,0,0,0,0,0,0,0.00000000,0.00000000,0.00000000,0.00000000,0.00000000,0.00000000,0,0,0,3,0,-0.00357871,-0.00357871,-0.00000000,0.00000000,0.00000000,0.00000000,0.00000000,0.00000000,1.00000000,0.00000000,0.00000000,0,-75.99996274,-75.99997051,0.00000000,0.00000000,0.00000000,0.00000000,0.00000000,0.00000000,0,0,0,2,0,0.04425626,0.04425626,-0.00000000,0.00000000,0.00000000,0.00000000,0.00000000,0.00000000,1.00000000,0.00000000,0.00000000,0,-268.35951344,-41.97958900,0.00000000,0.00000000,0.00000000,0.00000000,0.00000000,0.00000000,0
263723578,1,0,0,0,400,0,500,0,0,1,0,0,0,0,0,0,0,0.00000000,0.00000000,0.00000000,0.00000000,0.00000000,0.00000000,0,0,0,3,0,-0.00357871,-0.00357871,-0.00000000,0.00000000,0.00000000,0.00000000,0.00000000,0.00000000,1.00000000,0.00000000,0.00000000,0,-75.99996274,-75.99997051,0.00000000,0.00000000,0.00000000,0.00000000,0.00000000,0.00000000,0,0,0,2,0,0.04425626,0.04425626,-0.00000000,0.00000000,0.00000000,0.00000000,0.00000000,0.00000000,1.00000000,0.00000000,0.00000000,0,-268.35951344,-41.98346632,0.00000000,0.00000000,0.00000000,0.00000000,0.00000000,0.00000000,0
263723656,1,0,0,0,400,0,500,0,0,1,0,0,0,0,0,0,0,0.00000000,0.00000000,0.00000000,0.00000000,0.00000000,0.00000000,0,0,0,3,0,-0.00357871,-0.00357871,-0.00000000,0.00000000,0.00000000,0.00000000,0.00000000,0.00000000,1.00000000,0.00000000,0.00000000,0,-75.99996274,-75.99997051,0.00000000,0.00000000,0.00000000,0.00000000,0.00000000,0.00000000,0,0,0,2,0,0.04425626,0.04425626,-0.00000000,0.00000000,0.00000000,0.00000000,0.00000000,0.00000000,1.00000000,0.00000000,0.00000000,0,-268.35951344,-41.98672327,0.00000000,0.00000000,0.00000000,0.00000000,0.00000000,0.00000000,0
263723750,1,0,0,0,400,0,500,0,0,1,0,0,0,0,0,0,0,0.00000000,0.00000000,0.00000000,0.00000000,0.00000000,0.00000000,0,0,0,3,0,-0.00357871,-0.00357871,-0.00000000,0.00000000,0.00000000,0.00000000,0.00000000,0.00000000,1.00000000,0.00000000,0.00000000,0,-75.99996274,-75.99997051,0.00000000,0.00000000,0.00000000,0.00000000,0.00000000,0.00000000,0,0,0,2,0,0.04425626,0.04425626,-0.00000000,0.00000000,0.00000000,0.00000000,0.00000000,0.00000000,1.00000000,0.00000000,0.00000000,0,-268.35951344,-41.99013531,0.00000000,0.00000000,0.00000000,0.00000000,0.00000000,0.00000000,0
263723828,1,0,0,0,400,0,500,0,0,1,0,0,0,0,0,0,0,0.00000000,0.00000000,0.00000000,0.00000000,0.00000000,0.00000000,0,0,0,3,0,-0.00357871,-0.00357871,-0.00000000,0.00000000,0.00000000,0.00000000,0.00000000,0.00000000,1.00000000,0.00000000,0.00000000,0,-75.99996274,-75.99997051,0.00000000,0.00000000,0.00000000,0.00000000,0.00000000,0.00000000,0,0,0,2,0,0.04425626,0.04425626,-0.00000000,0.00000000,0.00000000,0.00000000,0.00000000,0.00000000,1.00000000,0.00000000,0.00000000,0,-268.35951344,-41.99323716,0.00000000,0.00000000,0.00000000,0.00000000,0.00000000,0.00000000,0
263723921,1,0,0,0,400,0,500,0,0,1,0,0,0,0,0,0,0,0.00000000,0.00000000,0.00000000,0.00000000,0.00000000,0.00000000,0,0,0,3,0,-0.00357871,-0.00357871,-0.00000000,0.00000000,0.00000000,0.00000000,0.00000000,0.00000000,1.00000000,0.00000000,0.00000000,0,-75.99996274,-75.99997051,0.00000000,0.00000000,0.00000000,0.00000000,0.00000000,0.00000000,0,0,0,2,0,0.04425626,0.04425626,-0.00000000,0.00000000,0.00000000,0.00000000,0.00000000,0.00000000,1.00000000,0.00000000,0.00000000,0,-268.35951344,-41.99711448,0.00000000,0.00000000,0.00000000,0.00000000,0.00000000,0.00000000,0
263723984,1,0,0,0,400,0,500,0,0,1,0,0,0,0,0,0,0,0.00000000,0.00000000,0.00000000,0.00000000,0.00000000,0.00000000,0,0,0,3,0,-0.00357871,-0.00357871,-0.00000000,0.00000000,0.00000000,0.00000000,0.00000000,0.00000000,1.00000000,0.00000000,0.00000000,0,-75.99996274,-75.99997051,0.00000000,0.00000000,0.00000000,0.00000000,0.00000000,0.00000000,0,0,0,2,0,0.04425626,0.04425626,-0.00000000,0.00000000,0.00000000,0.00000000,0.00000000,0.00000000,1.00000000,0.00000000,0.00000000,0,-268.35951344,-42.00006125,0.00000000,0.00000000,0.00000000,0.00000000,0.00000000,0.00000000,0
263724062,1,0,0,0,400,0,500,0,0,1,0,0,0,0,0,0,0,0.00000000,0.000