frame_index,source_timestamp_100ns,callback_elapsed_us,keyframe,discontinuity
0,1502863863000,4201060,1,0
1,1502864182333,4217721,1,0
2,1502879184555,4233281,1,0
3,1502879510888,4252424,1,0
4,1502879850555,4272376,1,0
5,1502880185555,4290900,1,0
6,1502880519222,4307074,1,0
7,1502880865777,4326286,1,0
8,1502881202222,4344895,1,0
9,1502881516222,4364850,1,0
10,1502881882000,4383351,1,0
11,1502882187333,4401181,1,0
12,1502882521444,4428693,1,0
13,1502882869888,4461621,1,0
14,1502883191555,4499349,1,0
15,1502883540777,4527748,1,0
16,1502883863444,4563484,1,0
17,1502884213222,4587848,1,0
18,1502884532666,4620317,1,0
19,1502884870444,4653962,1,0
20,1502885192222,4690760,1,0
21,1502885529222,4719921,1,0
22,1502885864222,4753305,1,0
23,1502886199222,4787127,1,0
24,1502886529666,4821113,1,0
25,1502886873222,4856789,1,0
26,1502887199111,4889740,1,0
27,1502887545666,4923664,1,0
28,1502887883222,4955333,1,0
29,1502888205444,4988860,1,0
30,1502888538111,5023255,1,0
31,1502888880222,5056166,1,0
32,1502889199444,5086911,1,0
33,1502889533222,5122766,1,0
34,1502889873111,5154535,1,0
35,1502890193000,5187354,1,0
36,1502890528666,5222386,1,0
37,1502890876444,5255225,1,0
38,1502891197111,5294528,1,0
39,1502891550444,5324201,1,0
40,1502891864444,5353064,1,0
41,1502892188777,5392781,1,0
42,1502892564666,5428486,1,0
43,1502892874666,5454359,1,0
44,1502893201222,5487760,1,0
45,1502893534444,5524583,1,0
46,1502893879666,5557932,1,0
47,1502894191666,5589763,1,0
48,1502894540444,5621900,1,0
49,1502894872888,5656344,1,0
50,1502895207000,5691753,1,0
51,1502895566777,5721473,1,0
52,1502895875888,5761373,1,0
53,1502896205444,5789301,1,0
54,1502896540000,5824782,1,0
55,1502896881666,5857695,1,0
56,1502897208444,5888025,1,0
57,1502897534777,5923447,1,0
58,1502897885888,5956285,1,0
59,1502898211888,5987693,1,0
60,1502898538666,6023600,1,0
61,1502898885555,6057887,1,0
62,1502899212555,6089639,1,0
63,1502899558222,6122440,1,0
64,1502899885000,6158284,1,0
65,1502900213222,6189010,1,0
66,1502900542888,6226463,1,0
67,1502900885000,6258727,1,0
68,1502901231666,6290287,1,0
69,1502901553000,6323027,1,0
70,1502901874222,6354714,1,0
71,1502902206333,6388401,1,0
72,1502902539111,6426113,1,0
73,1502902882999,6458192,1,0
74,1502903214222,6490258,1,0
75,1502903550666,6523676,1,0
76,1502903891000,6559293,1,0
77,1502904222222,6589764,1,0
78,1502904546666,6624065,1,0
79,1502904890777,6658997,1,0
80,1502905246777,6689707,1,0
81,1502905542333,6722170,1,0
82,1502905879666,6758096,1,0
83,1502906225555,6787877,1,0
84,1502906538000,6823354,1,0
85,1502906890444,6856276,1,0
86,1502907215666,6889803,1,0
87,1502907559888,6923554,1,0
88,1502907895111,6957079,1,0
89,1502908218444,6990291,1,0
90,1502908554444,7021984,1,0
91,1502908886777,7054533,1,0
92,1502909213888,7090188,1,0
93,1502909549999,7122544,1,0
94,1502909892999,7155157,1,0
95,1502910214000,7191072,1,0
96,1502910553222,7224549,1,0
97,1502910898333,7267503,1,0
98,1502911225555,7292038,1,0
99,1502911577222,7323361,1,0
100,1502911898888,7358061,1,0
101,1502912220000,7390102,1,0
102,1502912550555,7426199,1,0
103,1502912892000,7458909,1,0
104,1502913217888,7490394,1,0
105,1502913555000,7524931,1,0
106,1502913899333,7561939,1,0
107,1502914221222,7595645,1,0
108,1502914569333,7622956,1,0
109,1502914894666,7656656,1,0
110,1502915229444,7691714,1,0
111,1502915574222,7725045,1,0
112,1502915895888,7759172,1,0
113,1502916229444,7790290,1,0
114,1502916559000,7823606,1,0
115,1502916899555,7860130,1,0
116,1502917229111,7890024,1,0
117,1502917562444,7925447,1,0
118,1502917897000,7959501,1,0
119,1502918229666,7990766,1,0
120,1502918559222,8023951,1,0
121,1502918900333,8060322,1,0
122,1502919240444,8095689,1,0
123,1502919579222,8125359,1,0
124,1502919904333,8159066,1,0
125,1502920234222,8191192,1,0
126,1502920558000,8229429,1,0
127,1502920922777,8257707,1,0
128,1502921231777,8292509,1,0
129,1502921563444,8331719,1,0
130,1502921967111,8357896,1,0
131,1502922228000,8390659,1,0
132,1502922563222,8426477,1,0
133,1502922909222,8457859,1,0
134,1502923223666,8494167,1,0
135,1502923592777,8525784,1,0
136,1502923903777,8559973,1,0
137,1502924229444,8590029,1,0
138,1502924563111,8626375,1,0
139,1502924914222,8662479,1,0
140,1502925238111,8691422,1,0
141,1502925565555,8724817,1,0
142,1502925906666,8758332,1,0
143,1502926222222,8791025,1,0
144,1502926556777,8827914,1,0
145,1502926906000,8858281,1,0
146,1502927233111,8894801,1,0
147,1502927586000,8924788,1,0
148,1502927899222,8967502,1,0
149,1502928284555,8992064,1,0
150,1502928575000,9025771,1,0
151,1502928912444,9058318,1,0
152,1502929238444,9091160,1,0
153,1502929566444,9126167,1,0
154,1502929908555,9159010,1,0
155,1502930243444,9194658,1,0
156,1502930582444,9228630,1,0
157,1502930923111,9259409,1,0
158,1502931243111,9298957,1,0
159,1502931611000,9325525,1,0
160,1502931908666,9361123,1,0
161,1502932244777,9394460,1,0
162,1502932576111,9427971,1,0
163,1502932917444,9462219,1,0
164,1502933255111,9497673,1,0
165,1502933574111,9528230,1,0
166,1502933925555,9561132,1,0
167,1502934255000,9594636,1,0
168,1502934604777,9630188,1,0
169,1502934928777,9661705,1,0
170,1502935254222,9696402,1,0
171,1502935602000,9725583,1,0
172,1502935911777,9760906,1,0
173,1502936250777,9797444,1,0
174,1502936581777,9827037,1,0
175,1502936918555,9860115,1,0
176,1502937249666,9891781,1,0
177,1502937578777,9928524,1,0
178,1502937915777,9959105,1,0
179,1502938246222,9992891,1,0
180,1502938584888,10027651,1,0
181,1502938930999,10060343,1,0
182,1502939247333,10098381,1,0
183,1502939601000,10130082,1,0
184,1502939916666,10159291,1,0
185,1502940244333,10194492,1,0
186,1502940588777,10229890,1,0
187,1502940939222,10264465,1,0
188,1502941283888,10294334,1,0
189,1502941584333,10328136,1,0
190,1502941934222,10360005,1,0
191,1502942260555,10393940,1,0
192,1502942580111,10432750,1,0
193,1502942971111,10462010,1,0
194,1502943247666,10494093,1,0
195,1502943597000,10528548,1,0
196,1502943928333,10560399,1,0
197,1502944252000,10593105,1,0
198,1502944581555,10626987,1,0
199,1502944926888,10661811,1,0
200,1502945252555,10693089,1,0
201,1502945580777,10727472,1,0
202,1502945929777,10762355,1,0
203,1502946255333,10795485,1,0
204,1502946593000,10829931,1,0
205,1502946935666,10860969,1,0
206,1502947274000,10895336,1,0
207,1502947607333,10927856,1,0
208,1502947919444,10961192,1,0
209,1502948271666,10994262,1,0
210,1502948590555,11027500,1,0
211,1502948924444,11061792,1,0
212,1502949264333,11095794,1,0
213,1502949598666,11131206,1,0
214,1502949932333,11162478,1,0
215,1502950269333,11194929,1,0
216,1502950588222,11229226,1,0
217,1502950932333,11265970,1,0
218,1502951270666,11299274,1,0
219,1502951615777,11330604,1,0
220,1502951934333,11362660,1,0
221,1502952266222,11395816,1,0
222,1502952590888,11430926,1,0
223,1502952942444,11463714,1,0
224,1502953268333,11496274,1,0
225,1502953591666,11528120,1,0
226,1502953930000,11560947,1,0
227,1502954265555,11594917,1,0
228,1502954602777,11630178,1,0
229,1502954934888,11664243,1,0
230,1502955278333,11700916,1,0
231,1502955628444,11737854,1,0
232,1502955948444,11760550,1,0
233,1502956264222,11795707,1,0
234,1502956595111,11829249,1,0
235,1502956936555,11861849,1,0
236,1502957274888,11894001,1,0
237,1502957600333,11929414,1,0
238,1502957938555,11960378,1,0
239,1502958272222,11994641,1,0
240,1502958599777,12029408,1,0
241,1502958941222,12061974,1,0
242,1502959269333,12097183,1,0
243,1502959614222,12128462,1,0
244,1502959942222,12160730,1,0
245,1502960266777,12195669,1,0
246,1502960605111,12228937,1,0
247,1502960943555,12266167,1,0
248,1502961297333,12294357,1,0
249,1502961600777,12328557,1,0
250,1502961945000,12362942,1,0
251,1502962270777,12397720,1,0
252,1502962599777,12428740,1,0
253,1502962943222,12461544,1,0
254,1502963266111,12500002,1,0
255,1502963629888,12531717,1,0
256,1502963969777,12564070,1,0
257,1502964285444,12598091,1,0
258,1502964611666,12631396,1,0
259,1502964950555,12663701,1,0
260,1502965279444,12696092,1,0
261,1502965611666,12730342,1,0
262,1502965952333,12762096,1,0
263,1502966274222,12795850,1,0
264,1502966612333,12834974,1,0
265,1502966959777,12863190,1,0
266,1502967278222,12897984,1,0
267,1502967629222,12930276,1,0
268,1502967960111,12971133,1,0
269,1502968309000,12997425,1,0
270,1502968621888,13031556,1,0
271,1502968970444,13064064,1,0
272,1502969286888,13097088,1,0
273,1502969614444,13136289,1,0
274,1502969958111,13164080,1,0
275,1502970280000,13198068,1,0
276,1502970628555,13235454,1,0
277,1502970958111,13266899,1,0
278,1502971295222,13298294,1,0
279,1502971619555,13332959,1,0
280,1502971957888,13364979,1,0
281,1502972286555,13398113,1,0
282,1502972616000,13430998,1,0
283,1502972966222,13464879,1,0
284,1502973290000,13498456,1,0
285,1502973613777,13531894,1,0
286,1502973955888,13564253,1,0
287,1502974275000,13598641,1,0
288,1502974617111,13630437,1,0
289,1502974963000,13667727,1,0
290,1502975294000,13699026,1,0
291,1502975628333,13733333,1,0
292,1502975969444,13764340,1,0
293,1502976284222,13799270,1,0
294,1502976638111,13830914,1,0
295,1502976962222,13864236,1,0
296,1502977302888,13897126,1,0
297,1502977621555,13928869,1,0
298,1502977952777,13962603,1,0
299,1502978292333,14001918,1,0
300,1502978620555,14033906,1,0
301,1502978966222,14067149,1,0
302,1502979298555,14096635,1,0
303,1502979638444,14130825,1,0
304,1502979966111,14164018,1,0
305,1502980294111,14199632,1,0
306,1502980616222,14230732,1,0
307,1502980965777,14265263,1,0
308,1502981295666,14298158,1,0
309,1502981626111,14337000,1,0
310,1502981973444,14365611,1,0
311,1502982292888,14430498,1,0
312,1502982964777,14507762,1,0
313,1502982964777,14516753,1,0
314,1502982964777,14524490,1,0
315,1502983623222,14539427,1,0
316,1502983964222,14563412,1,0
317,1502984288000,14596909,1,0
318,1502984624444,14631684,1,0
319,1502984985444,14665163,1,0
320,1502985306000,14698009,1,0
321,1502985628222,14732154,1,0
322,1502985976555,14763327,1,0
323,1502986285666,14797962,1,0
324,1502986629777,14831209,1,0
325,1502986959000,14864682,1,0
326,1502987306777,14899192,1,0
327,1502987654444,14933589,1,0
328,1502987977444,14967518,1,0
329,1502988301666,14999494,1,0
330,1502988635000,15033570,1,0
331,1502988978000,15064717,1,0
332,1502989305666,15099350,1,0
333,1502989646666,15131707,1,0
334,1502989974888,15163530,1,0
335,1502990288555,15199951,1,0
336,1502990640555,15238276,1,0
337,1502990981777,15268488,1,0
338,1502991302777,15305684,1,0
339,1502991672222,15335422,1,0
340,1502991976666,15365362,1,0
341,1502992299222,15398158,1,0
342,1502992631777,15434556,1,0
343,1502992976000,15464207,1,0
344,1502993298222,15500269,1,0
345,1502993638000,15532938,1,0
346,1502993979222,15563204,1,0
347,1502994294111,15598558,1,0
348,1502994629777,15634952,1,0
349,1502994981000,15666514,1,0
350,1502995314222,15700509,1,0
351,1502995649222,15732955,1,0
352,1502995984444,15768688,1,0
353,1502996318333,15799475,1,0
354,1502996643444,15833307,1,0
355,1502996976222,15866209,1,0
356,1502997312777,15900403,1,0
357,1502997647222,15934912,1,0
358,1502997981666,15967866,1,0
359,1502998338000,15998614,1,0
360,1502998638777,16035085,1,0
361,1502998981000,16076539,1,0
362,1502999314222,16100788,1,0
363,1502999664777,16136907,1,0
364,1502999981000,16169254,1,0
365,1503000308333,16200678,1,0
366,1503000642444,16233169,1,0
367,1503000982555,16268402,1,0
368,1503001323555,16299833,1,0
369,1503001638000,16332503,1,0
370,1503001978444,16370062,1,0
371,1503002319444,16400089,1,0
372,1503002643222,16435182,1,0
373,1503002984444,16465980,1,0
374,1503003314777,16500702,1,0
375,1503003648222,16534664,1,0
376,1503003987333,16566558,1,0
377,1503004312000,16599323,1,0
378,1503004632888,16633991,1,0
379,1503004985222,16668737,1,0
380,1503005333555,16701518,1,0
381,1503005658555,16737252,1,0
382,1503006002666,16768462,1,0
383,1503006322444,16800241,1,0
384,1503006654666,16834811,1,0
385,1503006994333,16867479,1,0
386,1503007336000,16901714,1,0
387,1503007657777,16939451,1,0
388,1503008040000,16968472,1,0
389,1503008330222,17000475,1,0
390,1503008656000,17034472,1,0
391,1503009004333,17070051,1,0
392,1503009339888,17108463,1,0
393,1503009677777,17136086,1,0
394,1503010004222,17168055,1,0
395,1503010331000,17200159,1,0
396,1503010644555,17234623,1,0
397,1503010986111,17267607,1,0
398,1503011318222,17302130,1,0
399,1503011663444,17335864,1,0
400,1503011990888,17368736,1,0
401,1503012333444,17401807,1,0
402,1503012653444,17438766,1,0
403,1503013025000,17469335,1,0
404,1503013338000,17500482,1,0
405,1503013657333,17535870,1,0
406,1503013999222,17568803,1,0
407,1503014327000,17601634,1,0
408,1503014657444,17634443,1,0
409,1503014993555,17669427,1,0
410,1503015324444,17701986,1,0
411,1503015670999,17734808,1,0
412,1503016004555,17769341,1,0
413,1503016330555,17801895,1,0
414,1503016667000,17836582,1,0
415,1503016997333,17872178,1,0
416,1503017319333,17900513,1,0
417,1503017665333,17933820,1,0
418,1503017999000,17964950,1,0
419,1503018318111,18000935,1,0
420,1503018655555,18038932,1,0
421,1503019001222,18067622,1,0
422,1503019334888,18106204,1,0
423,1503019674777,18136008,1,0
424,1503020007333,18172826,1,0
425,1503020326444,18204606,1,0
426,1503020693777,18236411,1,0
427,1503021005444,18269178,1,0
428,1503021322444,18303129,1,0
429,1503021676111,18335178,1,0
430,1503022004777,18368755,1,0
431,1503022329777,18400339,1,0
432,1503022664777,18437517,1,0
433,1503023010222,18466360,1,0
434,1503023327444,18501473,1,0
435,1503023668666,18533949,1,0
436,1503023993222,18567869,1,0
437,1503024334888,18601351,1,0
438,1503024664333,18634553,1,0
439,1503025003222,18667647,1,0
440,1503025327555,18701438,1,0
441,1503025666777,18735455,1,0
442,1503026009444,18768974,1,0
443,1503026336222,18801386,1,0
444,1503026663777,18839090,1,0
445,1503027038000,18869238,1,0
446,1503027340777,18901307,1,0
447,1503027667333,18938084,1,0
448,1503028011111,18971209,1,0
449,1503028367222,19005084,1,0
450,1503028683777,19038189,1,0
451,1503029042222,19069200,1,0
452,1503029342444,19100040,1,0
453,1503029661777,19135814,1,0
454,1503030010444,19170725,1,0
455,1503030340222,19202376,1,0
456,1503030671111,19238574,1,0
457,1503031018666,19273652,1,0
458,1503031363000,19304305,1,0
459,1503031680444,19337348,1,0
460,1503032008000,19369257,1,0
461,1503032342444,19404415,1,0
462,1503032677888,19438834,1,0
463,1503033039777,19473922,1,0
464,1503033374555,19501387,1,0
465,1503033665888,19537683,1,0
466,1503034014222,19568340,1,0
467,1503034337222,19605167,1,0
468,1503034675000,19635817,1,0
469,1503035018555,19669290,1,0
470,1503035347555,19702812,1,0
471,1503035678888,19737987,1,0
472,1503036025444,19767610,1,0
473,1503036333222,19803384,1,0
474,1503036683333,19837528,1,0
475,1503037020777,19869752,1,0
476,1503037345888,19903055,1,0
477,1503037677000,19936480,1,0
478,1503038017666,19969331,1,0
479,1503038347777,20002122,1,0
480,1503038683777,20035294,1,0
481,1503039019222,20077158,1,0
482,1503039358222,20106637,1,0
483,1503039707777,20140810,1,0
484,1503040012666,20170014,1,0
485,1503040343888,20203493,1,0
486,1503040690666,20238132,1,0
487,1503041031000,20271806,1,0
488,1503041351222,20306391,1,0
489,1503041714000,20337605,1,0
490,1503042021111,20371618,1,0
491,1503042362111,20404227,1,0
492,1503042703222,20436521,1,0
493,1503043021777,20470866,1,0
494,1503043358222,20504866,1,0
495,1503043687000,20541319,1,0
496,1503044028000,20572238,1,0
497,1503044352111,20605885,1,0
498,1503044691222,20637101,1,0
499,1503045029333,20669405,1,0
500,1503045353333,20704243,1,0
501,1503045686444,20740423,1,0
502,1503046036888,20771084,1,0
503,1503046357888,20804623,1,0
504,1503046676777,20838080,1,0
505,1503047026333,20875974,1,0
506,1503047356888,20905424,1,0
507,1503047693333,20943828,1,0
508,1503048087888,20974667,1,0
509,1503048349444,21004634,1,0
510,1503048691222,21038215,1,0
511,1503049033000,21070795,1,0
512,1503049356777,21104777,1,0
513,1503049691111,21139658,1,0
514,1503050039222,21170189,1,0
515,1503050352444,21204353,1,0
516,1503050692444,21239554,1,0
517,1503051045333,21274287,1,0
518,1503051368000,21306572,1,0
519,1503051701777,21338303,1,0
520,1503052036444,21371585,1,0
521,1503052363555,21406081,1,0
522,1503052689000,21439404,1,0
523,1503053046111,21470620,1,0
524,1503053356222,21508561,1,0
525,1503053701666,21541370,1,0
526,1503054043000,21574641,1,0
527,1503054387777,21608665,1,0
528,1503054696222,21637839,1,0
529,1503055034222,21672223,1,0
530,1503055369888,21706738,1,0
531,1503055718777,21737794,1,0
532,1503056031888,21770441,1,0
533,1503056367444,21804570,1,0
534,1503056694888,21837870,1,0
535,1503057037111,21870179,1,0
536,1503057361000,21903792,1,0
537,1503057700444,21938322,1,0
538,1503058024333,21975221,1,0
539,1503058394222,22007658,1,0
540,1503058704444,22073807,1,0
541,1503059374777,22149531,1,0
542,1503059374777,22157218,1,0
543,1503059374777,22164138,1,0
544,1503060030000,22177147,1,0
545,1503060367111,22207226,1,0
546,1503060718333,22240085,1,0
547,1503061050333,22273778,1,0
548,1503061378333,22306027,1,0
549,1503061703666,22340697,1,0
550,1503062042777,22372673,1,0
551,1503062378555,22406358,1,0
552,1503062701777,22440103,1,0
553,1503063049333,22472321,1,0
554,1503063374444,22514827,1,0
555,1503063719333,22539734,1,0
556,1503064037333,22571397,1,0
557,1503064367333,22607817,1,0
558,1503064715555,22638536,1,0
559,1503065039999,22673350,1,0
560,1503065378777,22704647,1,0
561,1503065704444,22740182,1,0
562,1503066048555,22776120,1,0
563,1503066369333,22806252,1,0
564,1503066714666,22840229,1,0
565,1503067049888,22871558,1,0
566,1503067367333,22910076,1,0
567,1503067721555,22939682,1,0
568,1503068053111,22974332,1,0
569,1503068381000,23007118,1,0
570,1503068716777,23045542,1,0
571,1503069080555,23073187,1,0
572,1503069378222,23106919,1,0
573,1503069705666,23141979,1,0
574,1503070046555,23173230,1,0
575,1503070374222,23208455,1,0
576,1503070711777,23241937,1,0
577,1503071051111,23275579,1,0
578,1503071385555,23309880,1,0
579,1503071745777,23341987,1,0
580,1503072064333,23375735,1,0
581,1503072384222,23416624,1,0
582,1503072724666,23441400,1,0
583,1503073062444,23478287,1,0
584,1503073389666,23509080,1,0
585,1503073719555,23544494,1,0
586,1503074058555,23576369,1,0
587,1503074394333,23609785,1,0
588,1503074718222,23641057,1,0
589,1503075058111,23689661,1,0
590,1503075442000,23709300,1,0
591,1503075714444,23741362,1,0
592,1503076057333,23774734,1,0
593,1503076381999,23809219,1,0
594,1503076719111,23841566,1,0
595,1503077059777,23872700,1,0
596,1503077379333,23906529,1,0
597,1503077712777,23939872,1,0
598,1503078054999,23976845,1,0
599,1503078392222,24006874,1,0
600,1503078719000,24040944,1,0
601,1503079068666,24075317,1,0
602,1503079392000,24109177,1,0
603,1503079753222,24142446,1,0
604,1503080075666,24175492,1,0
605,1503080387111,24206965,1,0
606,1503080728000,24241611,1,0
607,1503081066111,24279384,1,0
608,1503081416111,24310074,1,0
609,1503081723777,24341783,1,0
610,1503082065888,24375276,1,0
611,1503082392777,24411823,1,0
612,1503082716777,24442593,1,0
613,1503083080888,24477367,1,0
614,1503083396777,24507955,1,0
615,1503083731777,24541045,1,0
616,1503084065333,24573179,1,0
617,1503084395111,24605716,1,0
618,1503084721000,24642214,1,0
619,1503085076777,24675615,1,0
620,1503085406111,24706006,1,0
621,1503085720666,24740088,1,0
622,1503086060888,24773994,1,0
623,1503086400888,24806262,1,0
624,1503086732000,24842803,1,0
625,1503087074777,24873955,1,0
626,1503087396222,24910791,1,0
627,1503087724777,24941527,1,0
628,1503088077666,24975967,1,0
629,1503088420333,25007508,1,0
630,1503088724888,25041448,1,0
631,1503089073333,25074050,1,0
632,1503089401666,25107243,1,0
633,1503089727333,25142080,1,0
634,1503090067333,25175987,1,0
635,1503090400222,25207396,1,0
636,1503090721777,25241876,1,0
637,1503091064222,25276758,1,0
638,1503091408222,25307525,1,0
639,1503091720222,25342302,1,0
640,1503092063000,25377259,1,0
641,1503092404555,25410079,1,0
642,1503092735444,25448154,1,0
643,1503093088111,25481013,1,0
644,1503093424777,25509505,1,0
645,1503093734444,25544787,1,0
646,1503094076222,25576149,1,0
647,1503094411777,25607920,1,0
648,1503094738666,25644063,1,0
649,1503095096777,25674407,1,0
650,1503095399777,25709799,1,0
651,1503095740555,25744047,1,0
652,1503096077666,25777632,1,0
653,1503096419888,25807455,1,0
654,1503096737888,25842822,1,0
655,1503097083000,25875146,1,0
656,1503097405444,25907368,1,0
657,1503097736555,25942400,1,0
658,1503098072999,25976348,1,0
659,1503098411777,26008350,1,0
660,1503098737333,26043352,1,0
661,1503099085111,26077995,1,0
662,1503099413555,26109775,1,0
663,1503099750555,26142949,1,0
664,1503100077777,26176080,1,0
665,1503100402000,26208505,1,0
666,1503100741222,26243362,1,0
667,1503101086666,26275754,1,0
668,1503101412777,26312818,1,0
669,1503101744444,26343868,1,0
670,1503102088888,26374800,1,0
671,1503102406000,26411367,1,0
672,1503102771777,26443989,1,0
673,1503103086777,26477771,1,0
674,1503103423000,26511113,1,0
675,1503103770111,26543704,1,0
676,1503104079333,26575774,1,0
677,1503104411777,26608646,1,0
678,1503104739222,26643252,1,0
679,1503105086111,26677949,1,0
680,1503105422444,26708817,1,0
681,1503105745222,26744143,1,0
682,1503106090222,26775181,1,0
683,1503106410333,26812490,1,0
684,1503106779222,26843181,1,0
685,1503107081888,26877903,1,0
686,1503107426222,26909019,1,0
687,1503107746000,26942631,1,0
688,1503108076000,26976438,1,0
689,1503108411777,27011694,1,0
690,1503108752333,27046478,1,0
691,1503109116555,27076489,1,0
692,1503109420333,27111482,1,0
693,1503109757666,27142355,1,0
694,1503110079222,27176771,1,0
695,1503110411222,27211834,1,0
696,1503110746111,27244254,1,0
697,1503111095000,27280399,1,0
698,1503111449111,27311131,1,0
699,1503111750444,27346678,1,0
700,1503112096777,27378698,1,0
701,1503112418777,27412141,1,0
702,1503112754777,27445313,1,0
703,1503113094777,27478610,1,0
704,1503113429555,27511971,1,0
705,1503113752666,27545934,1,0
706,1503114080888,27579229,1,0
707,1503114411444,27611082,1,0
708,1503114746777,27644203,1,0
709,1503115101777,27679446,1,0
710,1503115441555,27712161,1,0
711,1503115761777,27744772,1,0
712,1503116092888,27777938,1,0
713,1503116421555,27810891,1,0
714,1503116758777,27847409,1,0
715,1503117126111,27881676,1,0
716,1503117425444,27910943,1,0
717,1503117753777,27944260,1,0
718,1503118099555,27980323,1,0
719,1503118442000,28011576,1,0
720,1503118762777,28045501,1,0
721,1503119106666,28076542,1,0
722,1503119429222,28111713,1,0
723,1503119770666,28143825,1,0
724,1503120099222,28178981,1,0
725,1503120435888,28210495,1,0
726,1503120763444,28246678,1,0
727,1503121116888,28277845,1,0
728,1503121437222,28316250,1,0
729,1503121766222,28345557,1,0
730,1503122110999,28380313,1,0
731,1503122430666,28411560,1,0
732,1503122769777,28444022,1,0
733,1503123102777,28480000,1,0
734,1503123440555,28517335,1,0
735,1503123802888,28544803,1,0
736,1503124097777,28577523,1,0
737,1503124432000,28610769,1,0
738,1503124760777,28646023,1,0
739,1503125112000,28677977,1,0
740,1503125437333,28713052,1,0
741,1503125792555,28744356,1,0
742,1503126103333,28782386,1,0
743,1503126433555,28812263,1,0
744,1503126768222,28845190,1,0
745,1503127102000,28877489,1,0
746,1503127431555,28911382,1,0
747,1503127764222,28945590,1,0
748,1503128105444,28979936,1,0
749,1503128442333,29010746,1,0
750,1503128766777,29045660,1,0
751,1503129108222,29078133,1,0
752,1503129431777,29112700,1,0
753,1503129776666,29149384,1,0
754,1503130147222,29179884,1,0
755,1503130441888,29213267,1,0
756,1503130771000,29247142,1,0
757,1503131115444,29278979,1,0
758,1503131440444,29314546,1,0
759,1503131777444,29347884,1,0
760,1503132109777,29379330,1,0
761,1503132437777,29414598,1,0
762,1503132772888,29447796,1,0
763,1503133114222,29479897,1,0
764,1503133436888,29515308,1,0
765,1503133792111,29548302,1,0
766,1503134114333,29581244,1,0
767,1503134440333,29613523,1,0
768,1503134778444,29646466,1,0
769,1503135118555,29680175,1,0
770,1503135439555,29715503,1,0
771,1503135783111,29749019,1,0
772,1503136122888,29782945,1,0
773,1503136457111,29812373,1,0
774,1503136769222,29846222,1,0
775,1503137119666,29878198,1,0
776,1503137439444,29923376,1,0
777,1503137772222,29946352,1,0
778,1503138119222,29980506,1,0
779,1503138460333,30011937,1,0
780,1503138774888,30048716,1,0
781,1503139127444,30080256,1,0
782,1503139440777,30112852,1,0
783,1503139783555,30148587,1,0
784,1503140131777,30179606,1,0
785,1503140449222,30213691,1,0
786,1503140780222,30249507,1,0
787,1503141127333,30278093,1,0
788,1503141441444,30313403,1,0
789,1503141783333,30347821,1,0
790,1503142129333,30380761,1,0
791,1503142446666,30412104,1,0
792,1503142778999,30449588,1,0
793,1503143130333,30480740,1,0
794,1503143455777,30514716,1,0
795,1503143785666,30551030,1,0
796,1503144136666,30581254,1,0
797,1503144455222,30614912,1,0
798,1503144790444,30649284,1,0
799,1503145156222,30681139,1,0
800,1503145448333,30713764,1,0
801,1503145790222,30747488,1,0
802,1503146128777,30780328,1,0
803,1503146445333,30814894,1,0
804,1503146788111,30850609,1,0
805,1503147130555,30880330,1,0
806,1503147448222,30913215,1,0
807,1503147787666,30947005,1,0
808,1503148124222,30982151,1,0
809,1503148477444,31013678,1,0
810,1503148793222,31048555,1,0
811,1503149136444,31080991,1,0
812,1503149464777,31114826,1,0
813,1503149792555,31147194,1,0
814,1503150133555,31180857,1,0
815,1503150465666,31213178,1,0
816,1503150789222,31249845,1,0
817,1503151138555,31280573,1,0
818,1503151458333,31316063,1,0
819,1503151795777,31348291,1,0
820,1503152131555,31381642,1,0
821,1503152471888,31413828,1,0
822,1503152795000,31451671,1,0
823,1503153158555,31483138,1,0
824,1503153462666,31513413,1,0
825,1503153792111,31549574,1,0
826,1503154137777,31580562,1,0
827,1503154465222,31614768,1,0
828,1503154801444,31649079,1,0
829,1503155146777,31680300,1,0
830,1503155464444,31714651,1,0
831,1503155809777,31750327,1,0
832,1503156146888,31781732,1,0
833,1503156469111,31849015,1,0
834,1503157144111,31923162,1,0
835,1503157144111,31931583,1,0
836,1503157144111,31938298,1,0
837,1503157796666,31951390,1,0
838,1503158132111,31980805,1,0
839,1503158466111,32015368,1,0
840,1503158800000,32048679,1,0
841,1503159145333,32083381,1,0
842,1503159484222,32114153,1,0
843,1503159804444,32148279,1,0
844,1503160140555,32181025,1,0
845,1503160468333,32217908,1,0
846,1503160798000,32253057,1,0
847,1503161151222,32287685,1,0
848,1503161517222,32317594,1,0
849,1503161809222,32347956,1,0
850,1503162144777,32381646,1,0
851,1503162478333,32416621,1,0
852,1503162807444,32447709,1,0
853,1503163143444,32481633,1,0
854,1503163468666,32516572,1,0
855,1503163828222,32552294,1,0
856,1503164150777,32581923,1,0
857,1503164466222,32615939,1,0
858,1503164807888,32650814,1,0
859,1503165158000,32683044,1,0
860,1503165481777,32718089,1,0
861,1503165810777,32752549,1,0
862,1503166147888,32784004,1,0
863,1503166477666,32815260,1,0
864,1503166809444,32851198,1,0
865,1503167154888,32885774,1,0
866,1503167478000,32918518,1,0
867,1503167814666,32950078,1,0
868,1503168143111,32981847,1,0
869,1503168475777,33016742,1,0
870,1503168812444,33049536,1,0
871,1503169146000,33086336,1,0
872,1503169485444,33115769,1,0
873,1503169805777,33151460,1,0
874,1503170143666,33184361,1,0
875,1503170474000,33250881,1,0
876,1503171152333,33331532,1,0
877,1503171152333,33339311,1,0
878,1503171152333,33346281,1,0
879,1503171816111,33359180,1,0
880,1503172147888,33384199,1,0
881,1503172478444,33416487,1,0
882,1503172818222,33451349,1,0
883,1503173164444,33483361,1,0
884,1503173484333,33516263,1,0
885,1503173820222,33555885,1,0
886,1503174173666,33586799,1,0
887,1503174480777,33617927,1,0
888,1503174820888,33651688,1,0
889,1503175167555,33685702,1,0
890,1503175485111,33720191,1,0
891,1503175823777,33751647,1,0
892,1503176156000,33784739,1,0
893,1503176490333,33815887,1,0
894,1503176815111,33851058,1,0
895,1503177159000,33884264,1,0
896,1503177484333,33917952,1,0
897,1503177816888,33951480,1,0
898,1503178158333,33993600,1,0
899,1503178513333,34017270,1,0
900,1503178815000,34050498,1,0
901,1503179158000,34084812,1,0
902,1503179496000,34118596,1,0
903,1503179824111,34149733,1,0
904,1503180164222,34192660,1,0
905,1503180549333,34217444,1,0
906,1503180820000,34252053,1,0
907,1503181172000,34289399,1,0
908,1503181521888,34322699,1,0
909,1503181829666,34353235,1,0
910,1503182175555,34384307,1,0
911,1503182494444,34417163,1,0
912,1503182826222,34452355,1,0
913,1503183176777,34486169,1,0
914,1503183514888,34518519,1,0
915,1503183829333,34552476,1,0
916,1503184161777,34589456,1,0
917,1503184497333,34617076,1,0
918,1503184824444,34651626,1,0
919,1503185173000,34683754,1,0
920,1503185498222,34717850,1,0
921,1503185839222,34750877,1,0
922,1503186178333,34782443,1,0
923,1503186496777,34818045,1,0
924,1503186841666,34852938,1,0
925,1503187181222,34887020,1,0
926,1503187486222,34916256,1,0
927,1503187828444,34951536,1,0
928,1503188171333,34982944,1,0
929,1503188491111,35016732,1,0
930,1503188831222,35051702,1,0
931,1503189169555,35083517,1,0
932,1503189490888,35118525,1,0
933,1503189827555,35151356,1,0
934,1503190175444,35185231,1,0
935,1503190496000,35217184,1,0
936,1503190837333,35255005,1,0
937,1503191175111,35288209,1,0
938,1503191496222,35317227,1,0
939,1503191833000,35354385,1,0
940,1503192164222,35386011,1,0
941,1503192504000,35417943,1,0
942,1503192833999,35458952,1,0
943,1503193188000,35486767,1,0
944,1503193502888,35518180,1,0
945,1503193835555,35551769,1,0
946,1503194171222,35587059,1,0
947,1503194503777,35619200,1,0
948,1503194829111,35653993,1,0
949,1503195174222,35685525,1,0
950,1503195502000,35719504,1,0
951,1503195839555,35754705,1,0
952,1503196195111,35784957,1,0
953,1503196500444,35817956,1,0
954,1503196840444,35852824,1,0
955,1503197188000,35883842,1,0
956,1503197504333,35919649,1,0
957,1503197839000,35955165,1,0
958,1503198179777,35985010,1,0
959,1503198507777,36017457,1,0
960,1503198836777,36053142,1,0
961,1503199184444,36083327,1,0
962,1503199500777,36117933,1,0
963,1503199836111,36151270,1,0
964,1503200176777,36185869,1,0
965,1503200503444,36219599,1,0
966,1503200845444,36252407,1,0
967,1503201183222,36286675,1,0
968,1503201511000,36318793,1,0
969,1503201843555,36352889,1,0
970,1503202185000,36383358,1,0
971,1503202502888,36418396,1,0
972,1503202837222,36455192,1,0
973,1503203194777,36486792,1,0
974,1503203521000,36521730,1,0
975,1503203861777,36555797,1,0
976,1503204196111,36588277,1,0
977,1503204514555,36623895,1,0
978,1503204852222,36653681,1,0
979,1503205195555,36685866,1,0
980,1503205516888,36719905,1,0
981,1503205854333,36753156,1,0
982,1503206196777,36785393,1,0
983,1503206508222,36819249,1,0
984,1503206846000,36853904,1,0
985,1503207190000,36887079,1,0
986,1503207513777,36922184,1,0
987,1503207861111,36953415,1,0
988,1503208200777,36986975,1,0
989,1503208530111,37020241,1,0
990,1503208856555,37054953,1,0
991,1503209211666,37086740,1,0
992,1503209519777,37119423,1,0
993,1503209858888,37153223,1,0
994,1503210186111,37186899,1,0
995,1503210516222,37221209,1,0
996,1503210854444,37259001,1,0
997,1503211220444,37289197,1,0
998,1503211531666,37321971,1,0
999,1503211855888,37355231,1,0
1000,1503212204555,37389506,1,0
1001,1503212521333,37420668,1,0
1002,1503212849555,37458016,1,0
1003,1503213213333,37493901,1,0
1004,1503213529000,37522973,1,0
1005,1503213855555,37554908,1,0
1006,1503214188888,37588059,1,0
1007,1503214520111,37621638,1,0
1008,1503214855111,37656195,1,0
1009,1503215192000,37689220,1,0
1010,1503215515222,37721818,1,0
1011,1503215854777,37756157,1,0
1012,1503216223777,37785933,1,0
1013,1503216521555,37820442,1,0
1014,1503216865666,37858308,1,0
1015,1503217195000,37889854,1,0
1016,1503217521555,37918710,1,0
1017,1503217857000,37953451,1,0
1018,1503218197888,37987512,1,0
1019,1503218527555,38019825,1,0
1020,1503218856333,38052926,1,0
1021,1503219200888,38089780,1,0
1022,1503219524444,38120176,1,0
1023,1503219872333,38154601,1,0
1024,1503220205555,38192922,1,0
1025,1503220533555,38223231,1,0
1026,1503220866111,38257429,1,0
1027,1503221217111,38289576,1,0
1028,1503221546888,38321451,1,0
1029,1503221862444,38355250,1,0
1030,1503222204222,38388292,1,0
1031,1503222524777,38423323,1,0
1032,1503222887000,38454766,1,0
1033,1503223210333,38486296,1,0
1034,1503223526888,38520072,1,0
1035,1503223868333,38557989,1,0
1036,1503224194666,38587788,1,0
1037,1503224540555,38620199,1,0
1038,1503224861888,38655507,1,0
1039,1503225210333,38686822,1,0
1040,1503225536666,38723415,1,0
1041,1503225875000,38755601,1,0
1042,1503226214222,38787328,1,0
1043,1503226539777,38819722,1,0
1044,1503226865444,38855865,1,0
1045,1503227210888,38887515,1,0
1046,1503227541888,38922230,1,0
1047,1503227872222,38955239,1,0
1048,1503228218000,38987215,1,0
1049,1503228538444,39021886,1,0
1050,1503228875888,39054938,1,0
1051,1503229208555,39087254,1,0
1052,1503229540222,39121995,1,0
1053,1503229882555,39153749,1,0
1054,1503230204888,39187179,1,0
1055,1503230530444,39225097,1,0
1056,1503230868111,39257644,1,0
1057,1503231205555,39292497,1,0
1058,1503231540888,39324504,1,0
1059,1503231887000,39356265,1,0
1060,1503232209777,39388380,1,0
1061,1503232536444,39421310,1,0
1062,1503232872444,39457566,1,0
1063,1503233228555,39491491,1,0
1064,1503233552444,39537736,1,0
1065,1503233874777,39558291,1,0
1066,1503234205000,39589914,1,0
1067,1503234538222,39624067,1,0
1068,1503234878111,39658239,1,0
1069,1503235221666,39688916,1,0
1070,1503235545000,39724151,1,0
1071,1503235891777,39761250,1,0
1072,1503236258444,39788739,1,0
1073,1503236538777,39821868,1,0
1074,1503236879333,39855965,1,0
1075,1503237215666,39892589,1,0
1076,1503237576111,39922319,1,0
1077,1503237884888,39955248,1,0
1078,1503238218222,39991661,1,0
1079,1503238556777,40020486,1,0
1080,1503238872333,40055106,1,0
1081,1503239220555,40088833,1,0
1082,1503239555555,40125469,1,0
1083,1503239884222,40157028,1,0
1084,1503240220555,40190153,1,0
1085,1503240542222,40223635,1,0
1086,1503240877222,40257627,1,0
1087,1503241232888,40292551,1,0
1088,1503241547222,40323660,1,0
1089,1503241894444,40359517,1,0
1090,1503242221888,40389637,1,0
1091,1503242544777,40424509,1,0
1092,1503242885333,40460101,1,0
1093,1503243242888,40491638,1,0
1094,1503243568333,40557486,1,0
1095,1503244225666,40633772,1,0
1096,1503244225666,40640469,1,0
1097,1503244225666,40648768,1,0
1098,1503244888666,40662619,1,0
1099,1503245238666,40691232,1,0
1100,1503245558555,40724287,1,0
1101,1503245889333,40757521,1,0
1102,1503246243111,40791760,1,0
1103,1503246553444,40824095,1,0
1104,1503246898777,40860631,1,0
1105,1503247239222,40891949,1,0
1106,1503247560222,40924317,1,0
1107,1503247898111,40958025,1,0
1108,1503248231777,40990731,1,0
1109,1503248555555,41027178,1,0
1110,1503248892888,41057320,1,0
1111,1503249239333,41088620,1,0
1112,1503249553555,41125104,1,0
1113,1503249899888,41160089,1,0
1114,1503250232444,41193859,1,0
1115,1503250573777,41224089,1,0
1116,1503250888000,41257732,1,0
1117,1503251231777,41291419,1,0
1118,1503251565777,41324974,1,0
1119,1503251887777,41361273,1,0
1120,1503252231777,41391384,1,0
1121,1503252567888,41423451,1,0
1122,1503252892444,41459279,1,0
1123,1503253235666,41489931,1,0
1124,1503253555111,41524481,1,0
1125,1503253895666,41558679,1,0
1126,1503254231777,41593210,1,0
1127,1503254560444,41624458,1,0
1128,1503254897222,41657073,1,0
1129,1503255234444,41690176,1,0
1130,1503255551888,41758886,1,0
1131,1503256256000,41831413,1,0
1132,1503256256000,41848382,1,0
1133,1503256256000,41854451,1,0
1134,1503256889222,41864827,1,0
1135,1503257232333,41893314,1,0
1136,1503257572888,41922902,1,0
1137,1503257891222,41959046,1,0
1138,1503258231111,41991535,1,0
1139,1503258570777,42023558,1,0
1140,1503258893333,42059792,1,0
1141,1503259248666,42090517,1,0
1142,1503259569222,42125011,1,0
1143,1503259912888,42157060,1,0
1144,1503260235999,42190746,1,0
1145,1503260566222,42224641,1,0
1146,1503260896666,42260880,1,0
1147,1503261253222,42289751,1,0
1148,1503261558333,42324420,1,0
1149,1503261903333,42360400,1,0
1150,1503262254666,42392298,1,0
1151,1503262580888,42423474,1,0
1152,1503262902444,42463129,1,0
1153,1503263252333,42491326,1,0
1154,1503263568111,42559010,1,0
1155,1503264239111,42632405,1,0
1156,1503264239111,42640271,1,0
1157,1503264239111,42646248,1,0
1158,1503264896777,42659782,1,0
1159,1503265248333,42695572,1,0
1160,1503265566666,42725185,1,0
1161,1503265909222,42758838,1,0
1162,1503266244222,42792260,1,0
1163,1503266575333,42824253,1,0
1164,1503266909222,42860596,1,0
1165,1503267255111,42893469,1,0
1166,1503267586222,42924868,1,0
1167,1503267909555,42963017,1,0
1168,1503268240777,42990538,1,0
1169,1503268564444,43024216,1,0
1170,1503268909222,43061750,1,0
1171,1503269256777,43092265,1,0
1172,1503269572777,43126504,1,0
1173,1503269910444,43160858,1,0
1174,1503270256555,43193999,1,0
1175,1503270583222,43229120,1,0
1176,1503270918888,43261090,1,0
1177,1503271260555,43295103,1,0
1178,1503271584777,43328770,1,0
1179,1503271926000,43360670,1,0
1180,1503272265888,43392941,1,0
1181,1503272578555,43425740,1,0
1182,1503272917333,43462820,1,0
1183,1503273265555,43493518,1,0
1184,1503273586333,43531142,1,0
1185,1503273909888,43561688,1,0
1186,1503274264222,43594126,1,0
1187,1503274580444,43628310,1,0
1188,1503274920888,43664144,1,0
1189,1503275297333,43695653,1,0
1190,1503275576777,43727900,1,0
1191,1503275934333,43760802,1,0
1192,1503276254333,43792044,1,0
1193,1503276585000,43826908,1,0
1194,1503276917000,43866431,1,0
1195,1503277287444,43893083,1,0
1196,1503277584666,43926976,1,0
1197,1503277927777,43959763,1,0
1198,1503278259888,43991487,1,0
1199,1503278580666,44026279,1,0
1200,1503278923444,44061650,1,0
1201,1503279273555,44092939,1,0
1202,1503279592333,44126538,1,0
1203,1503279925000,44161442,1,0
1204,1503280258222,44194902,1,0
1205,1503280598666,44226231,1,0
1206,1503280919555,44260205,1,0
1207,1503281265333,44293601,1,0
1208,1503281591777,44328935,1,0
1209,1503281945777,44360379,1,0
1210,1503282268222,44392434,1,0
1211,1503282582777,44425448,1,0
1212,1503282921666,44461684,1,0
1213,1503283275555,44492340,1,0
1214,1503283590444,44526023,1,0
1215,1503283925777,44560265,1,0
1216,1503284272111,44591956,1,0
1217,1503284587777,44625849,1,0
1218,1503284923222,44661095,1,0
1219,1503285275777,44692670,1,0
1220,1503285593555,44727162,1,0
1221,1503285921777,44761705,1,0
1222,1503286265333,44793626,1,0
1223,1503286600888,44827069,1,0
1224,1503286931222,44864117,1,0
1225,1503287293000,44892291,1,0
1226,1503287594222,44926351,1,0
1227,1503287934222,44959992,1,0
1228,1503288269222,44993746,1,0
1229,1503288595222,45025972,1,0
1230,1503288931666,45062123,1,0
1231,1503289286888,45093825,1,0
1232,1503289602555,45126075,1,0
1233,1503289930777,45160975,1,0
1234,1503290278888,45194244,1,0
1235,1503290605111,45227044,1,0
1236,1503290932777,45267083,1,0
1237,1503291306666,45295049,1,0
1238,1503291604777,45330030,1,0
1239,1503291947222,45363868,1,0
1240,1503292269222,45393640,1,0
1241,1503292598111,45428069,1,0
1242,1503292926777,45462585,1,0
1243,1503293287444,45494559,1,0
1244,1503293608888,45528794,1,0
1245,1503293936777,45563899,1,0
1246,1503294276777,45593676,1,0
1247,1503294594777,45628913,1,0
1248,1503294940333,45661649,1,0
1249,1503295275666,45694592,1,0
1250,1503295601777,45726530,1,0
1251,1503295931555,45764089,1,0
1252,1503296273666,45795325,1,0
1253,1503296614555,45830275,1,0
1254,1503296969333,45867547,1,0
1255,1503297291777,45894757,1,0
1256,1503297607222,45927658,1,0
1257,1503297939777,45962785,1,0
1258,1503298287444,45993724,1,0
1259,1503298598222,46028283,1,0
1260,1503298938777,46062129,1,0
1261,1503299288000,46098655,1,0
1262,1503299605333,46126739,1,0
1263,1503299938333,46163784,1,0
1264,1503300284333,46196549,1,0
1265,1503300610333,46229363,1,0
1266,1503300951444,46266809,1,0
1267,1503301304000,46295216,1,0
1268,1503301611777,46329434,1,0
1269,1503301957666,46363072,1,0
1270,1503302293000,46395960,1,0
1271,1503302608000,46429838,1,0
1272,1503302944222,46464186,1,0
1273,1503303305999,46497737,1,0
1274,1503303623000,46529305,1,0
1275,1503303949333,46562889,1,0
1276,1503304277444,46595936,1,0
1277,1503304607777,46631039,1,0
1278,1503304952888,46666055,1,0
1279,1503305317555,46702301,1,0
1280,1503305634444,46729900,1,0
1281,1503305951777,46762643,1,0
1282,1503306298666,46797443,1,0
1283,1503306644555,46828159,1,0
1284,1503306952777,46871769,1,0
1285,1503307318888,46896519,1,0
1286,1503307609777,46930443,1,0
1287,1503307958555,46963679,1,0
1288,1503308293000,46995295,1,0
1289,1503308614555,47037027,1,0
1290,1503308946555,47064824,1,0
1291,1503309299888,47096087,1,0
1292,1503309617666,47131179,1,0
1293,1503309966000,47164645,1,0
1294,1503310292777,47197215,1,0
1295,1503310617222,47231457,1,0
1296,1503310954444,47269614,1,0
1297,1503311322333,47298798,1,0
1298,1503311634333,47331481,1,0
1299,1503311966111,47397315,1,0
1300,1503312629777,47477566,1,0
1301,1503312629777,47485976,1,0
1302,1503312629777,47492315,1,0
1303,1503313291222,47504661,1,0
1304,1503313638111,47531910,1,0
1305,1503313967888,47566497,1,0
1306,1503314313444,47599158,1,0
1307,1503314627111,47631832,1,0
1308,1503314974888,47666369,1,0
1309,1503315307333,47699865,1,0
1310,1503315629444,47730945,1,0
1311,1503315961000,47764361,1,0
1312,1503316306333,47800572,1,0
1313,1503316624111,47829756,1,0
1314,1503316956111,47864189,1,0
1315,1503317307333,47896692,1,0
1316,1503317628333,47930793,1,0
1317,1503317962222,47962415,1,0
1318,1503318292444,47997516,1,0
1319,1503318638555,48029896,1,0
1320,1503318956444,48063663,1,0
1321,1503319305111,48099325,1,0
1322,1503319636555,48132575,1,0
1323,1503319956333,48163145,1,0
1324,1503320296111,48196310,1,0
1325,1503320625444,48230580,1,0
1326,1503320955444,48268490,1,0
1327,1503321319888,48297420,1,0
1328,1503321628777,48329548,1,0
1329,1503321959222,48364477,1,0
1330,1503322296555,48399617,1,0
1331,1503322631222,48430446,1,0
1332,1503322959666,48464691,1,0
1333,1503323313555,48498503,1,0
1334,1503323630777,48530582,1,0
1335,1503323964222,48563291,1,0
1336,1503324305444,48598704,1,0
1337,1503324628555,48630175,1,0
1338,1503324973000,48664681,1,0
1339,1503325313333,48700071,1,0
1340,1503325637444,48729938,1,0
1341,1503325963555,48767170,1,0
1342,1503326323000,48797007,1,0
1343,1503326627777,48831344,1,0
1344,1503326969999,48866586,1,0
1345,1503327317666,48902037,1,0
1346,1503327683888,48930508,1,0
1347,1503327972333,48967596,1,0
1348,1503328314222,48997270,1,0
1349,1503328635222,49031301,1,0
1350,1503328979999,49064266,1,0
1351,1503329305666,49097007,1,0
1352,1503329640444,49130670,1,0
1353,1503329971777,49164810,1,0
1354,1503330311555,49197622,1,0
1355,1503330633888,49230855,1,0
1356,1503330975888,49269041,1,0
1357,1503331326777,49303245,1,0
1358,1503331669222,49333818,1,0
1359,1503331982666,49365815,1,0
1360,1503332310666,49398436,1,0
1361,1503332636000,49433041,1,0
1362,1503332973777,49466662,1,0
1363,1503333323333,49499861,1,0
1364,1503333648444,49531804,1,0
1365,1503333973000,49567604,1,0
1366,1503334312000,49599274,1,0
1367,1503334635555,49631779,1,0
1368,1503334973111,49669403,1,0
1369,1503335327999,49701643,1,0
1370,1503335674777,49731594,1,0
1371,1503335977777,49766337,1,0
1372,1503336318555,49799559,1,0
1373,1503336640777,49831312,1,0
1374,1503336967777,49867972,1,0
1375,1503337321666,49898671,1,0
1376,1503337646111,49932408,1,0
1377,1503337983555,49966716,1,0
1378,1503338315222,50001089,1,0
1379,1503338651333,50031538,1,0
1380,1503338978555,50069304,1,0
1381,1503339332555,50100859,1,0
1382,1503339675333,50133211,1,0
1383,1503339997777,50165147,1,0
1384,1503340314222,50198740,1,0
1385,1503340646000,50234253,1,0
1386,1503340993000,50269857,1,0
1387,1503341326111,50301553,1,0
1388,1503341655222,50334906,1,0
1389,1503342001777,50368817,1,0
1390,1503342346222,50398787,1,0
1391,1503342649222,50431818,1,0
1392,1503342976000,50467335,1,0
1393,1503343315666,50502574,1,0
1394,1503343674333,50532928,1,0
1395,1503343987000,50567436,1,0
1396,1503344321888,50602893,1,0
1397,1503344654777,50631365,1,0
1398,1503344978000,50668555,1,0
1399,1503345343555,50700087,1,0
1400,1503345651333,50732308,1,0
1401,1503345985777,50767584,1,0
1402,1503346332777,50798046,1,0
1403,1503346648888,50832018,1,0
1404,1503346980444,50871371,1,0
1405,1503347330777,50901899,1,0
1406,1503347662777,50932511,1,0
1407,1503347984555,50966617,1,0
1408,1503348334000,51000864,1,0
1409,1503348671555,51032563,1,0
1410,1503348993555,51075274,1,0
1411,1503349341444,51099984,1,0
1412,1503349661777,51134816,1,0
1413,1503350000555,51167493,1,0
1414,1503350327777,51205489,1,0
1415,1503350698666,51234226,1,0
1416,1503350987000,51267588,1,0
1417,1503351330777,51305931,1,0
1418,1503351683444,51334233,1,0
1419,1503351983000,51367786,1,0
1420,1503352331888,51399698,1,0
1421,1503352657333,51433081,1,0
1422,1503352992888,51470271,1,0
1423,1503353344777,51504256,1,0
1424,1503353664222,51533255,1,0
1425,1503353986111,51567794,1,0
1426,1503354343111,51599992,1,0
1427,1503354659222,51634674,1,0
1428,1503354990777,51669476,1,0
1429,1503355341333,51703070,1,0
1430,1503355680111,51734296,1,0
1431,1503355998555,51771086,1,0
1432,1503356353000,51800292,1,0
1433,1503356672444,51837659,1,0
1434,1503357024777,51868748,1,0
1435,1503357343000,51899206,1,0
1436,1503357658333,51932579,1,0
1437,1503357997222,51969553,1,0
1438,1503358357000,52003566,1,0
1439,1503358654333,52033276,1,0
1440,1503359003111,52069115,1,0
1441,1503359349000,52103761,1,0
1442,1503359694222,52135746,1,0
1443,1503360006000,52168561,1,0
1444,1503360343111,52199658,1,0
1445,1503360668555,52234074,1,0
1446,1503361003333,52271457,1,0
1447,1503361380222,52301506,1,0
1448,1503361677333,52334092,1,0
1449,1503362003555,52369606,1,0
1450,1503362356777,52400466,1,0
1451,1503362670666,52434648,1,0
1452,1503363001777,52473803,1,0
1453,1503363362222,52507543,1,0
1454,1503363686111,52534158,1,0
1455,1503364000333,52572441,1,0
1456,1503364340555,52601465,1,0
1457,1503364666666,52634251,1,0
1458,1503365004777,52670414,1,0
1459,1503365358444,52702113,1,0
1460,1503365686777,52734233,1,0
1461,1503366005888,52769338,1,0
1462,1503366340444,52802036,1,0
1463,1503366672777,52835231,1,0
1464,1503367006111,52868402,1,0
1465,1503367352777,52904457,1,0
1466,1503367694222,52934616,1,0
1467,1503368001888,52968957,1,0
1468,1503368349444,53006738,1,0
1469,1503368683000,53036641,1,0
1470,1503369015444,53068874,1,0
1471,1503369354888,53104170,1,0
1472,1503369702888,53134865,1,0
1473,1503370009777,53169427,1,0
1474,1503370345111,53202789,1,0
1475,1503370683111,53234126,1,0
1476,1503371003000,53272721,1,0
1477,1503371366888,53307998,1,0
1478,1503371732777,53334445,1,0
1479,1503372004111,53371458,1,0
1480,1503372358000,53401840,1,0
1481,1503372675333,53437835,1,0
1482,1503373010222,53472711,1,0
1483,1503373354000,53505515,1,0
1484,1503373686222,53538978,1,0
1485,1503374017444,53571070,1,0
1486,1503374351777,53603892,1,0
1487,1503374687111,53636077,1,0
1488,1503375014888,53670047,1,0
1489,1503375360444,53704652,1,0
1490,1503375698111,53736059,1,0
1491,1503376015777,53771591,1,0
1492,1503376361222,53801972,1,0
1493,1503376679666,53835278,1,0
1494,1503377020444,53870011,1,0
1495,1503377358777,53904470,1,0
1496,1503377691444,53936066,1,0
1497,1503378023111,53974201,1,0
1498,1503378372222,54000780,1,0
1499,1503378678222,54073849,1,0
1500,1503379361777,54146308,1,0
1501,1503379361777,54154159,1,0
1502,1503379361777,54160316,1,0
1503,1503380027111,54172064,1,0
1504,1503380352888,54202430,1,0
1505,1503380682555,54239143,1,0
1506,1503381026333,54270895,1,0
1507,1503381364666,54302130,1,0
1508,1503381686555,54336330,1,0
1509,1503382017333,54371461,1,0
1510,1503382359666,54402513,1,0
1511,1503382686555,54436484,1,0
1512,1503383019555,54470884,1,0
1513,1503383365555,54504243,1,0
1514,1503383707666,54539352,1,0
1515,1503384053000,54573951,1,0
1516,1503384395777,54605432,1,0
1517,1503384691777,54637030,1,0
1518,1503385037888,54669673,1,0
1519,1503385361777,54702665,1,0
1520,1503385690666,54737341,1,0
1521,1503386034666,54769264,1,0
1522,1503386359444,54803081,1,0
1523,1503386693333,54840055,1,0
1524,1503387025555,54871053,1,0
1525,1503387359333,54906266,1,0
1526,1503387698555,54938386,1,0
1527,1503388027444,54972976,1,0
1528,1503388390444,55004426,1,0
1529,1503388691111,55034705,1,0
1530,1503389016444,55070779,1,0
1531,1503389371999,55102821,1,0
1532,1503389691555,55137901,1,0
1533,1503390037111,55174690,1,0
1534,1503390371111,55205685,1,0
1535,1503390709888,55237588,1,0
1536,1503391026000,55276862,1,0
1537,1503391383000,55309381,1,0
1538,1503391710888,55338276,1,0
1539,1503392032222,55373547,1,0
1540,1503392378000,55404123,1,0
1541,1503392699000,55439553,1,0
1542,1503393035555,55474388,1,0
1543,1503393382000,55507331,1,0
1544,1503393706111,55541103,1,0
1545,1503394030333,55575324,1,0
1546,1503394383555,55606936,1,0
1547,1503394705555,55640345,1,0
1548,1503395029888,55673232,1,0
1549,1503395387888,55704897,1,0
1550,1503395710555,55739724,1,0
1551,1503396043222,55772305,1,0
1552,1503396370333,55804137,1,0
1553,1503396703444,55841504,1,0
1554,1503397052555,55875979,1,0
1555,1503397401000,55905248,1,0
1556,1503397706111,55939683,1,0
1557,1503398044555,55976143,1,0
1558,1503398393000,56005728,1,0
1559,1503398706555,56041594,1,0
1560,1503399070777,56072632,1,0
1561,1503399383111,56108785,1,0
1562,1503399715222,56140290,1,0
1563,1503400043000,56174078,1,0
1564,1503400388000,56206804,1,0
1565,1503400714333,56239780,1,0
1566,1503401043111,56275567,1,0
1567,1503401396777,56309026,1,0
1568,1503401715777,56341342,1,0
1569,1503402065777,56372282,1,0
1570,1503402378000,56404879,1,0
1571,1503402713000,56444003,1,0
1572,1503403044222,56475091,1,0
1573,1503403393777,56505600,1,0
1574,1503403724888,56540975,1,0
1575,1503404052000,56574025,1,0
1576,1503404399333,56604322,1,0
1577,1503404709555,56637356,1,0
1578,1503405044222,56674461,1,0
1579,1503405404777,56705288,1,0
1580,1503405709000,56741158,1,0
1581,1503406047333,56778919,1,0
1582,1503406394333,56808221,1,0
1583,1503406713333,56840171,1,0
1584,1503407050333,56874739,1,0
1585,1503407392888,56907612,1,0
1586,1503407730222,56939689,1,0
1587,1503408045888,56978533,1,0
1588,1503408392444,57006371,1,0
1589,1503408705777,57041916,1,0
1590,1503409054333,57074780,1,0
1591,1503409398333,57105889,1,0
1592,1503409711222,57139374,1,0
1593,1503410049000,57174173,1,0
1594,1503410379111,57209235,1,0
1595,1503410727111,57244142,1,0
1596,1503411049222,57276355,1,0
1597,1503411391777,57308515,1,0
1598,1503411726666,57341813,1,0
1599,1503412058333,57374704,1,0
1600,1503412398222,57409473,1,0
1601,1503412723888,57442152,1,0
1602,1503413060000,57477805,1,0
1603,1503413400333,57508290,1,0
1604,1503413739888,57543550,1,0
1605,1503414058777,57575992,1,0
1606,1503414394666,57609092,1,0
1607,1503414718666,57640967,1,0
1608,1503415057444,57674841,1,0
1609,1503415398444,57711685,1,0
1610,1503415739111,57742601,1,0
1611,1503416068111,57778293,1,0
1612,1503416405666,57810142,1,0
1613,1503416725888,57839898,1,0
1614,1503417057000,57874609,1,0
1615,1503417402777,57907213,1,0
1616,1503417721000,57939691,1,0
1617,1503418058777,57974889,1,0
1618,1503418408222,58007538,1,0
